fixed acidity,volatile acidity,citric acid,residual sugar,chlorides,free sulfur dioxide,total sulfur dioxide,density,pH,sulphates,alcohol,label
7.4,0.7,0.0,1.9,76.0,11.0,34.0,9.978,3.51,0.56,9.4,4
7.8,0.88,0.0,2.6,98.0,25.0,67.0,9.968,3.2,0.68,9.8,4
7.8,0.76,0.04,2.3,92.0,15.0,54.0,997.0,3.26,0.65,9.8,1
11.2,0.28,0.56,1.9,75.0,17.0,60.0,998.0,3.16,0.58,9.8,1
7.4,0.7,0.0,1.9,76.0,11.0,34.0,9.978,3.51,0.56,9.4,4
7.4,0.66,0.0,1.8,75.0,13.0,40.0,9.978,3.51,0.56,9.4,4
7.9,0.6,0.06,1.6,69.0,15.0,59.0,9.964,3.3,0.46,9.4,4
7.3,0.65,0.0,1.2,65.0,15.0,21.0,9.946,3.39,0.47,10.0,4
7.8,0.58,0.02,2.0,73.0,9.0,18.0,9.968,3.36,0.57,9.5,4
7.5,0.5,0.36,6.1,71.0,17.0,102.0,9.978,3.35,0.8,10.5,4
6.7,0.58,0.08,1.8,97.0,15.0,65.0,9.959,3.28,0.54,9.2,4
7.5,0.5,0.36,6.1,71.0,17.0,102.0,9.978,3.35,0.8,10.5,4
5.6,615.0,0.0,1.6,89.0,16.0,59.0,9.943,3.58,0.52,9.9,2
7.8,0.61,0.29,1.6,114.0,9.0,29.0,9.974,3.26,1.56,9.1,4
8.9,0.62,0.18,3.8,176.0,52.0,145.0,9.986,3.16,0.88,9.2,4
8.9,0.62,0.19,3.9,0.17,51.0,148.0,9.986,3.17,0.93,9.2,4
8.5,0.28,0.56,1.8,92.0,35.0,103.0,9.969,3.3,0.75,10.5,4
8.1,0.56,0.28,1.7,368.0,16.0,56.0,9.968,3.11,1.28,9.3,3
7.4,0.59,0.08,4.4,86.0,6.0,29.0,9.974,3.38,0.5,9.0,4
7.9,0.32,0.51,1.8,341.0,17.0,56.0,9.969,3.04,1.08,9.2,3
8.9,0.22,0.48,1.8,77.0,29.0,60.0,9.968,3.39,0.53,9.4,4
7.6,0.39,0.31,2.3,82.0,23.0,71.0,9.982,3.52,0.65,9.7,4
7.9,0.43,0.21,1.6,106.0,10.0,37.0,9.966,3.17,0.91,9.5,4
8.5,0.49,0.11,2.3,84.0,9.0,67.0,9.968,3.17,0.53,9.4,4
6.9,0.4,0.14,2.4,85.0,21.0,40.0,9.968,3.43,0.63,9.7,4
6.3,0.39,0.16,1.4,0.08,11.0,23.0,9.955,3.34,0.56,9.3,4
7.6,0.41,0.24,1.8,0.08,4.0,11.0,9.962,3.28,0.59,9.5,4
7.9,0.43,0.21,1.6,106.0,10.0,37.0,9.966,3.17,0.91,9.5,4
7.1,0.71,0.0,1.9,0.08,14.0,35.0,9.972,3.47,0.55,9.4,4
7.8,645.0,0.0,2.0,82.0,8.0,16.0,9.964,3.38,0.59,9.8,2
6.7,675.0,0.07,2.4,89.0,17.0,82.0,9.958,3.35,0.54,10.1,2
6.9,685.0,0.0,2.5,105.0,22.0,37.0,9.966,3.46,0.57,10.6,2
8.3,655.0,0.12,2.3,83.0,15.0,113.0,9.966,3.17,0.66,9.8,2
6.9,605.0,0.12,10.7,73.0,40.0,83.0,9.993,3.45,0.52,9.4,2
5.2,0.32,0.25,1.8,103.0,13.0,50.0,9.957,3.38,0.55,9.2,4
7.8,645.0,0.0,5.5,86.0,5.0,18.0,9.986,3.4,0.55,9.6,2
7.8,0.6,0.14,2.4,86.0,3.0,15.0,9.975,3.42,0.6,10.8,4
8.1,0.38,0.28,2.1,66.0,13.0,30.0,9.968,3.23,0.73,9.7,4
5.7,1.13,0.09,1.5,172.0,7.0,19.0,994.0,3.5,0.48,9.8,1
7.3,0.45,0.36,5.9,74.0,12.0,87.0,9.978,3.33,0.83,10.5,4
7.3,0.45,0.36,5.9,74.0,12.0,87.0,9.978,3.33,0.83,10.5,4
8.8,0.61,0.3,2.8,88.0,17.0,46.0,9.976,3.26,0.51,9.3,4
7.5,0.49,0.2,2.6,332.0,8.0,14.0,9.968,3.21,0.9,10.5,3
8.1,0.66,0.22,2.2,69.0,9.0,23.0,9.968,3.3,1.2,10.3,4
6.8,0.67,0.02,1.8,0.05,5.0,11.0,9.962,3.48,0.52,9.5,4
4.6,0.52,0.15,2.1,54.0,8.0,65.0,9.934,3.9,0.56,13.1,4
7.7,935.0,0.43,2.2,114.0,22.0,114.0,997.0,3.25,0.73,9.2,1
8.7,0.29,0.52,1.6,113.0,12.0,37.0,9.969,3.25,0.58,9.5,4
6.4,0.4,0.23,1.6,66.0,5.0,12.0,9.958,3.34,0.56,9.2,4
5.6,0.31,0.37,1.4,74.0,12.0,96.0,9.954,3.32,0.58,9.2,4
8.8,0.66,0.26,1.7,74.0,4.0,23.0,9.971,3.15,0.74,9.2,4
6.6,0.52,0.04,2.2,69.0,8.0,15.0,9.956,3.4,0.63,9.4,4
6.6,0.5,0.04,2.1,68.0,6.0,14.0,9.955,3.39,0.64,9.4,4
8.6,0.38,0.36,3.0,81.0,30.0,119.0,997.0,3.2,0.56,9.4,1
7.6,0.51,0.15,2.8,0.11,33.0,73.0,9.955,3.17,0.63,10.2,4
7.7,0.62,0.04,3.8,84.0,25.0,45.0,9.978,3.34,0.53,9.5,4
10.2,0.42,0.57,3.4,0.07,4.0,10.0,9.971,3.04,0.63,9.6,4
7.5,0.63,0.12,5.1,111.0,50.0,110.0,9.983,3.26,0.77,9.4,4
7.8,0.59,0.18,2.3,76.0,17.0,54.0,9.975,3.43,0.59,10.0,4
7.3,0.39,0.31,2.4,74.0,9.0,46.0,9.962,3.41,0.54,9.4,4
8.8,0.4,0.4,2.2,79.0,19.0,52.0,998.0,3.44,0.64,9.2,1
7.7,0.69,0.49,1.8,115.0,20.0,112.0,9.968,3.21,0.71,9.3,4
7.5,0.52,0.16,1.9,85.0,12.0,35.0,9.968,3.38,0.62,9.5,4
7.0,735.0,0.05,2.0,81.0,13.0,54.0,9.966,3.39,0.57,9.8,2
7.2,725.0,0.05,4.65,86.0,4.0,11.0,9.962,3.41,0.39,10.9,2
7.2,725.0,0.05,4.65,86.0,4.0,11.0,9.962,3.41,0.39,10.9,2
7.5,0.52,0.11,1.5,79.0,11.0,39.0,9.968,3.42,0.58,9.6,4
6.6,705.0,0.07,1.6,76.0,6.0,15.0,9.962,3.44,0.58,10.7,2
9.3,0.32,0.57,2.0,74.0,27.0,65.0,9.969,3.28,0.79,10.7,4
8.0,705.0,0.05,1.9,74.0,8.0,19.0,9.962,3.34,0.95,10.5,2
7.7,0.63,0.08,1.9,76.0,15.0,27.0,9.967,3.32,0.54,9.5,4
7.7,0.67,0.23,2.1,88.0,17.0,96.0,9.962,3.32,0.48,9.5,4
7.7,0.69,0.22,1.9,84.0,18.0,94.0,9.961,3.31,0.48,9.5,4
8.3,675.0,0.26,2.1,84.0,11.0,43.0,9.976,3.31,0.53,9.2,2
9.7,0.32,0.54,2.5,94.0,28.0,83.0,9.984,3.28,0.82,9.6,4
8.8,0.41,0.64,2.2,93.0,9.0,42.0,9.986,3.54,0.66,10.5,4
8.8,0.41,0.64,2.2,93.0,9.0,42.0,9.986,3.54,0.66,10.5,4
6.8,785.0,0.0,2.4,104.0,14.0,30.0,9.966,3.52,0.55,10.7,2
6.7,0.75,0.12,2.0,86.0,12.0,80.0,9.958,3.38,0.52,10.1,4
8.3,625.0,0.2,1.5,0.08,27.0,119.0,9.972,3.16,1.12,9.1,2
6.2,0.45,0.2,1.6,69.0,3.0,15.0,9.958,3.41,0.56,9.2,4
7.8,0.43,0.7,1.9,464.0,22.0,67.0,9.974,3.13,1.28,9.4,3
7.4,0.5,0.47,2.0,86.0,21.0,73.0,997.0,3.36,0.57,9.1,1
7.3,0.67,0.26,1.8,401.0,16.0,51.0,9.969,3.16,1.14,9.4,3
6.3,0.3,0.48,1.8,69.0,18.0,61.0,9.959,3.44,0.78,10.3,4
6.9,0.55,0.15,2.2,76.0,19.0,40.0,9.961,3.41,0.59,10.1,4
8.6,0.49,0.28,1.9,0.11,20.0,136.0,9.972,2.93,1.95,9.9,4
7.7,0.49,0.26,1.9,62.0,9.0,31.0,9.966,3.39,0.64,9.6,4
9.3,0.39,0.44,2.1,107.0,34.0,125.0,9.978,3.14,1.22,9.5,4
7.0,0.62,0.08,1.8,76.0,8.0,24.0,9.978,3.48,0.53,9.0,4
7.9,0.52,0.26,1.9,79.0,42.0,140.0,9.964,3.23,0.54,9.5,4
8.6,0.49,0.28,1.9,0.11,20.0,136.0,9.972,2.93,1.95,9.9,4
8.6,0.49,0.29,2.0,0.11,19.0,133.0,9.972,2.93,1.98,9.8,4
7.7,0.49,0.26,1.9,62.0,9.0,31.0,9.966,3.39,0.64,9.6,4
5.0,1.02,0.04,1.4,45.0,41.0,85.0,9.938,3.75,0.48,10.5,4
4.7,0.6,0.17,2.3,58.0,17.0,106.0,9.932,3.85,0.6,12.9,4
6.8,775.0,0.0,3.0,102.0,8.0,23.0,9.965,3.45,0.56,10.7,2
7.0,0.5,0.25,2.0,0.07,3.0,22.0,9.963,3.25,0.63,9.2,4
7.6,0.9,0.06,2.5,79.0,5.0,10.0,9.967,3.39,0.56,9.8,4
8.1,545.0,0.18,1.9,0.08,13.0,35.0,9.972,3.3,0.59,9.0,0
8.3,0.61,0.3,2.1,84.0,11.0,50.0,9.972,3.4,0.61,10.2,4
7.8,0.5,0.3,1.9,75.0,8.0,22.0,9.959,3.31,0.56,10.4,4
8.1,545.0,0.18,1.9,0.08,13.0,35.0,9.972,3.3,0.59,9.0,0
8.1,575.0,0.22,2.1,77.0,12.0,65.0,9.967,3.29,0.51,9.2,0
7.2,0.49,0.24,2.2,0.07,5.0,36.0,996.0,3.33,0.48,9.4,1
8.1,575.0,0.22,2.1,77.0,12.0,65.0,9.967,3.29,0.51,9.2,0
7.8,0.41,0.68,1.7,467.0,18.0,69.0,9.973,3.08,1.31,9.3,3
6.2,0.63,0.31,1.7,88.0,15.0,64.0,9.969,3.46,0.79,9.3,4
8.0,0.33,0.53,2.5,91.0,18.0,80.0,9.976,3.37,0.8,9.6,4
8.1,785.0,0.52,2.0,122.0,37.0,153.0,9.969,3.21,0.69,9.3,2
7.8,0.56,0.19,1.8,104.0,12.0,47.0,9.964,3.19,0.93,9.5,4
8.4,0.62,0.09,2.2,84.0,11.0,108.0,9.964,3.15,0.66,9.8,4
8.4,0.6,0.1,2.2,85.0,14.0,111.0,9.964,3.15,0.66,9.8,4
10.1,0.31,0.44,2.3,0.08,22.0,46.0,9.988,3.32,0.67,9.7,4
7.8,0.56,0.19,1.8,104.0,12.0,47.0,9.964,3.19,0.93,9.5,4
9.4,0.4,0.31,2.2,0.09,13.0,62.0,9.966,3.07,0.63,10.5,4
8.3,0.54,0.28,1.9,77.0,11.0,40.0,9.978,3.39,0.61,10.0,4
7.8,0.56,0.12,2.0,82.0,7.0,28.0,997.0,3.37,0.5,9.4,1
8.8,0.55,0.04,2.2,119.0,14.0,56.0,9.962,3.21,0.6,10.9,4
7.0,0.69,0.08,1.8,97.0,22.0,89.0,9.959,3.34,0.54,9.2,4
7.3,1.07,0.09,1.7,178.0,10.0,89.0,9.962,3.3,0.57,9.0,4
8.8,0.55,0.04,2.2,119.0,14.0,56.0,9.962,3.21,0.6,10.9,4
7.3,695.0,0.0,2.5,75.0,3.0,13.0,998.0,3.49,0.52,9.2,1
8.0,0.71,0.0,2.6,0.08,11.0,34.0,9.976,3.44,0.53,9.5,4
7.8,0.5,0.17,1.6,82.0,21.0,102.0,996.0,3.39,0.48,9.5,1
9.0,0.62,0.04,1.9,146.0,27.0,90.0,9.984,3.16,0.7,9.4,4
8.2,1.33,0.0,1.7,81.0,3.0,12.0,9.964,3.53,0.49,10.9,4
8.1,1.33,0.0,1.8,82.0,3.0,12.0,9.964,3.54,0.48,10.9,4
8.0,0.59,0.16,1.8,65.0,3.0,16.0,9.962,3.42,0.92,10.5,4
6.1,0.38,0.15,1.8,72.0,6.0,19.0,9.955,3.42,0.57,9.4,4
8.0,745.0,0.56,2.0,118.0,30.0,134.0,9.968,3.24,0.66,9.4,2
5.6,0.5,0.09,2.3,49.0,17.0,99.0,9.937,3.63,0.63,13.0,4
5.6,0.5,0.09,2.3,49.0,17.0,99.0,9.937,3.63,0.63,13.0,4
6.6,0.5,0.01,1.5,0.06,17.0,26.0,9.952,3.4,0.58,9.8,4
7.9,1.04,0.05,2.2,84.0,13.0,29.0,9.959,3.22,0.55,9.9,4
8.4,745.0,0.11,1.9,0.09,16.0,63.0,9.965,3.19,0.82,9.6,2
8.3,715.0,0.15,1.8,89.0,10.0,52.0,9.968,3.23,0.77,9.5,2
7.2,415.0,0.36,2.0,81.0,13.0,45.0,9.972,3.48,0.64,9.2,0
7.8,0.56,0.19,2.1,81.0,15.0,105.0,9.962,3.33,0.54,9.5,4
7.8,0.56,0.19,2.0,81.0,17.0,108.0,9.962,3.32,0.54,9.5,4
8.4,745.0,0.11,1.9,0.09,16.0,63.0,9.965,3.19,0.82,9.6,2
8.3,715.0,0.15,1.8,89.0,10.0,52.0,9.968,3.23,0.77,9.5,2
5.2,0.34,0.0,1.8,0.05,27.0,63.0,9.916,3.68,0.79,14.0,4
6.3,0.39,0.08,1.7,66.0,3.0,20.0,9.954,3.34,0.58,9.4,4
5.2,0.34,0.0,1.8,0.05,27.0,63.0,9.916,3.68,0.79,14.0,4
8.1,0.67,0.55,1.8,117.0,32.0,141.0,9.968,3.17,0.62,9.4,4
5.8,0.68,0.02,1.8,87.0,21.0,94.0,9.944,3.54,0.52,10.0,4
7.6,0.49,0.26,1.6,236.0,10.0,88.0,9.968,3.11,0.8,9.3,3
6.9,0.49,0.1,2.3,74.0,12.0,30.0,9.959,3.42,0.58,10.2,4
8.2,0.4,0.44,2.8,89.0,11.0,43.0,9.975,3.53,0.61,10.5,4
7.3,0.33,0.47,2.1,77.0,5.0,11.0,9.958,3.33,0.53,10.3,4
9.2,0.52,1.0,3.4,0.61,32.0,69.0,9.996,2.74,2.0,9.4,4
7.5,0.6,0.03,1.8,95.0,25.0,99.0,995.0,3.35,0.54,10.1,1
7.5,0.6,0.03,1.8,95.0,25.0,99.0,995.0,3.35,0.54,10.1,1
7.1,0.43,0.42,5.5,0.07,29.0,129.0,9.973,3.42,0.72,10.5,4
7.1,0.43,0.42,5.5,71.0,28.0,128.0,9.973,3.42,0.71,10.5,4
7.1,0.43,0.42,5.5,0.07,29.0,129.0,9.973,3.42,0.72,10.5,4
7.1,0.43,0.42,5.5,71.0,28.0,128.0,9.973,3.42,0.71,10.5,4
7.1,0.68,0.0,2.2,73.0,12.0,22.0,9.969,3.48,0.5,9.3,4
6.8,0.6,0.18,1.9,79.0,18.0,86.0,9.968,3.59,0.57,9.3,4
7.6,0.95,0.03,2.0,0.09,7.0,20.0,9.959,3.2,0.56,9.6,4
7.6,0.68,0.02,1.3,72.0,9.0,20.0,9.965,3.17,1.08,9.2,4
7.8,0.53,0.04,1.7,76.0,17.0,31.0,9.964,3.33,0.56,10.0,4
7.4,0.6,0.26,7.3,0.07,36.0,121.0,9.982,3.37,0.49,9.4,4
7.3,0.59,0.26,7.2,0.07,35.0,121.0,9.981,3.37,0.49,9.4,4
7.8,0.63,0.48,1.7,0.1,14.0,96.0,9.961,3.19,0.62,9.5,4
6.8,0.64,0.1,2.1,85.0,18.0,101.0,9.956,3.34,0.52,10.2,4
7.3,0.55,0.03,1.6,72.0,17.0,42.0,9.956,3.37,0.48,9.0,4
6.8,0.63,0.07,2.1,89.0,11.0,44.0,9.953,3.47,0.55,10.4,4
7.5,705.0,0.24,1.8,0.36,15.0,63.0,9.964,3.0,1.59,9.5,2
7.9,885.0,0.03,1.8,58.0,4.0,8.0,9.972,3.36,0.33,9.1,2
8.0,0.42,0.17,2.0,73.0,6.0,18.0,9.972,3.29,0.61,9.2,4
8.0,0.42,0.17,2.0,73.0,6.0,18.0,9.972,3.29,0.61,9.2,4
7.4,0.62,0.05,1.9,68.0,24.0,42.0,9.961,3.42,0.57,11.5,4
7.3,0.38,0.21,2.0,0.08,7.0,35.0,9.961,3.33,0.47,9.5,4
6.9,0.5,0.04,1.5,85.0,19.0,49.0,9.958,3.35,0.78,9.5,4
7.3,0.38,0.21,2.0,0.08,7.0,35.0,9.961,3.33,0.47,9.5,4
7.5,0.52,0.42,2.3,87.0,8.0,38.0,9.972,3.58,0.61,10.5,4
7.0,805.0,0.0,2.5,68.0,7.0,20.0,9.969,3.48,0.56,9.6,2
8.8,0.61,0.14,2.4,67.0,10.0,42.0,9.969,3.19,0.59,9.5,4
8.8,0.61,0.14,2.4,67.0,10.0,42.0,9.969,3.19,0.59,9.5,4
8.9,0.61,0.49,2.0,0.27,23.0,110.0,9.972,3.12,1.02,9.3,4
7.2,0.73,0.02,2.5,76.0,16.0,42.0,9.972,3.44,0.52,9.3,4
6.8,0.61,0.2,1.8,77.0,11.0,65.0,9.971,3.54,0.58,9.3,4
6.7,0.62,0.21,1.9,79.0,8.0,62.0,997.0,3.52,0.58,9.3,1
8.9,0.31,0.57,2.0,111.0,26.0,85.0,9.971,3.26,0.53,9.7,4
7.4,0.39,0.48,2.0,82.0,14.0,67.0,9.972,3.34,0.55,9.2,4
7.7,705.0,0.1,2.6,84.0,9.0,26.0,9.976,3.39,0.49,9.7,2
7.9,0.5,0.33,2.0,84.0,15.0,143.0,9.968,3.2,0.55,9.5,4
7.9,0.49,0.32,1.9,82.0,17.0,144.0,9.968,3.2,0.55,9.5,4
8.2,0.5,0.35,2.9,77.0,21.0,127.0,9.976,3.23,0.62,9.4,4
6.4,0.37,0.25,1.9,74.0,21.0,49.0,9.974,3.57,0.62,9.8,4
6.8,0.63,0.12,3.8,99.0,16.0,126.0,9.969,3.28,0.61,9.5,4
7.6,0.55,0.21,2.2,71.0,7.0,28.0,9.964,3.28,0.55,9.7,4
7.6,0.55,0.21,2.2,71.0,7.0,28.0,9.964,3.28,0.55,9.7,4
7.8,0.59,0.33,2.0,74.0,24.0,120.0,9.968,3.25,0.54,9.4,4
7.3,0.58,0.3,2.4,74.0,15.0,55.0,9.968,3.46,0.59,10.2,4
11.5,0.3,0.6,2.0,67.0,12.0,27.0,9.981,3.11,0.97,10.1,4
5.4,835.0,0.08,1.2,46.0,13.0,93.0,9.924,3.57,0.85,13.0,2
6.9,1.09,0.06,2.1,61.0,12.0,31.0,9.948,3.51,0.43,11.4,4
9.6,0.32,0.47,1.4,56.0,9.0,24.0,99.695,3.22,0.82,10.3,5
8.8,0.37,0.48,2.1,97.0,39.0,145.0,9.975,3.04,1.03,9.3,4
6.8,0.5,0.11,1.5,75.0,16.0,49.0,99.545,3.36,0.79,9.5,5
7.0,0.42,0.35,1.6,88.0,16.0,39.0,9.961,3.34,0.55,9.2,4
7.0,0.43,0.36,1.6,89.0,14.0,37.0,99.615,3.34,0.56,9.2,5
12.8,0.3,0.74,2.6,95.0,9.0,28.0,9.994,3.2,0.77,10.8,4
12.8,0.3,0.74,2.6,95.0,9.0,28.0,9.994,3.2,0.77,10.8,4
7.8,0.57,0.31,1.8,69.0,26.0,120.0,99.625,3.29,0.53,9.3,5
7.8,0.44,0.28,2.7,0.1,18.0,95.0,9.966,3.22,0.67,9.4,4
11.0,0.3,0.58,2.1,54.0,7.0,19.0,998.0,3.31,0.88,10.5,1
9.7,0.53,0.6,2.0,39.0,5.0,19.0,99.585,3.3,0.86,12.4,5
8.0,725.0,0.24,2.8,83.0,10.0,62.0,99.685,3.35,0.56,10.0,2
11.6,0.44,0.64,2.1,59.0,5.0,15.0,998.0,3.21,0.67,10.2,1
8.2,0.57,0.26,2.2,0.06,28.0,65.0,9.959,3.3,0.43,10.1,4
7.8,735.0,0.08,2.4,92.0,10.0,41.0,9.974,3.24,0.71,9.8,2
7.0,0.49,0.49,5.6,0.06,26.0,121.0,9.974,3.34,0.76,10.5,4
8.7,625.0,0.16,2.0,101.0,13.0,49.0,9.962,3.14,0.57,11.0,2
8.1,725.0,0.22,2.2,72.0,11.0,41.0,9.967,3.36,0.55,9.1,2
7.5,0.49,0.19,1.9,76.0,10.0,44.0,9.957,3.39,0.54,9.7,4
7.8,0.53,0.33,2.4,0.08,24.0,144.0,99.655,3.3,0.6,9.5,5
7.8,0.34,0.37,2.0,82.0,24.0,58.0,9.964,3.34,0.59,9.4,4
7.4,0.53,0.26,2.0,101.0,16.0,72.0,9.957,3.15,0.57,9.4,4
6.8,0.61,0.04,1.5,57.0,5.0,10.0,99.525,3.42,0.6,9.5,5
8.6,645.0,0.25,2.0,83.0,8.0,28.0,99.815,3.28,0.6,10.0,2
8.4,635.0,0.36,2.0,89.0,15.0,55.0,99.745,3.31,0.57,10.4,2
7.7,0.43,0.25,2.6,73.0,29.0,63.0,99.615,3.37,0.58,10.5,5
8.9,0.59,0.5,2.0,337.0,27.0,81.0,9.964,3.04,1.61,9.5,3
9.0,0.82,0.14,2.6,89.0,9.0,23.0,9.984,3.39,0.63,9.8,4
7.7,0.43,0.25,2.6,73.0,29.0,63.0,99.615,3.37,0.58,10.5,5
6.9,0.52,0.25,2.6,81.0,10.0,37.0,99.685,3.46,0.5,11.0,5
5.2,0.48,0.04,1.6,54.0,19.0,106.0,9.927,3.54,0.62,12.2,4
8.0,0.38,0.06,1.8,78.0,12.0,49.0,99.625,3.37,0.52,9.9,5
8.5,0.37,0.2,2.8,0.09,18.0,58.0,998.0,3.34,0.7,9.6,1
6.9,0.52,0.25,2.6,81.0,10.0,37.0,99.685,3.46,0.5,11.0,5
8.2,1.0,0.09,2.3,65.0,7.0,37.0,99.685,3.32,0.55,9.0,5
7.2,0.63,0.0,1.9,97.0,14.0,38.0,99.675,3.37,0.58,9.0,5
7.2,0.63,0.0,1.9,97.0,14.0,38.0,99.675,3.37,0.58,9.0,5
7.2,645.0,0.0,1.9,97.0,15.0,39.0,99.675,3.37,0.58,9.2,2
7.2,0.63,0.0,1.9,97.0,14.0,38.0,99.675,3.37,0.58,9.0,5
8.2,1.0,0.09,2.3,65.0,7.0,37.0,99.685,3.32,0.55,9.0,5
8.9,635.0,0.37,1.7,263.0,5.0,62.0,9.971,3.0,1.09,9.3,2
12.0,0.38,0.56,2.1,93.0,6.0,24.0,99.925,3.14,0.71,10.9,5
7.7,0.58,0.1,1.8,102.0,28.0,109.0,99.565,3.08,0.49,9.8,5
15.0,0.21,0.44,2.2,75.0,10.0,24.0,100.005,3.07,0.84,9.2,5
15.0,0.21,0.44,2.2,75.0,10.0,24.0,100.005,3.07,0.84,9.2,5
7.3,0.66,0.0,2.0,84.0,6.0,23.0,9.983,3.61,0.96,9.9,4
7.1,0.68,0.07,1.9,75.0,16.0,51.0,99.685,3.38,0.52,9.5,5
8.2,0.6,0.17,2.3,72.0,11.0,73.0,9.963,3.2,0.45,9.3,4
7.7,0.53,0.06,1.7,74.0,9.0,39.0,99.615,3.35,0.48,9.8,5
7.3,0.66,0.0,2.0,84.0,6.0,23.0,9.983,3.61,0.96,9.9,4
10.8,0.32,0.44,1.6,63.0,16.0,37.0,9.985,3.22,0.78,10.0,4
7.1,0.6,0.0,1.8,74.0,16.0,34.0,9.972,3.47,0.7,9.9,4
11.1,0.35,0.48,3.1,0.09,5.0,21.0,9.986,3.17,0.53,10.5,4
7.7,775.0,0.42,1.9,92.0,8.0,86.0,9.959,3.23,0.59,9.5,2
7.1,0.6,0.0,1.8,74.0,16.0,34.0,9.972,3.47,0.7,9.9,4
8.0,0.57,0.23,3.2,73.0,17.0,119.0,99.675,3.26,0.57,9.3,5
9.4,0.34,0.37,2.2,75.0,5.0,13.0,998.0,3.22,0.62,9.2,1
6.6,695.0,0.0,2.1,75.0,12.0,56.0,9.968,3.49,0.67,9.2,2
7.7,0.41,0.76,1.8,611.0,8.0,45.0,9.968,3.06,1.26,9.4,3
10.0,0.31,0.47,2.6,85.0,14.0,33.0,99.965,3.36,0.8,10.5,5
7.9,0.33,0.23,1.7,77.0,18.0,45.0,99.625,3.29,0.65,9.3,5
7.0,975.0,0.04,2.0,87.0,12.0,67.0,99.565,3.35,0.6,9.4,2
8.0,0.52,0.03,1.7,0.07,10.0,35.0,99.575,3.34,0.57,10.0,5
7.9,0.37,0.23,1.8,77.0,23.0,49.0,9.963,3.28,0.67,9.3,4
12.5,0.56,0.49,2.4,64.0,5.0,27.0,9.999,3.08,0.87,10.9,4
11.8,0.26,0.52,1.8,71.0,6.0,10.0,9.968,3.2,0.72,10.2,4
8.1,0.87,0.0,3.3,96.0,26.0,61.0,100.025,3.6,0.72,9.8,5
7.9,0.35,0.46,3.6,78.0,15.0,37.0,9.973,3.35,0.86,12.8,4
6.9,0.54,0.04,3.0,77.0,7.0,27.0,9.987,3.69,0.91,9.4,4
11.5,0.18,0.51,4.0,104.0,4.0,23.0,9.996,3.28,0.97,10.1,4
7.9,545.0,0.06,4.0,87.0,27.0,61.0,9.965,3.36,0.67,10.7,0
11.5,0.18,0.51,4.0,104.0,4.0,23.0,9.996,3.28,0.97,10.1,4
10.9,0.37,0.58,4.0,71.0,17.0,65.0,99.935,3.22,0.78,10.1,5
8.4,715.0,0.2,2.4,76.0,10.0,38.0,99.735,3.31,0.64,9.4,2
7.5,0.65,0.18,7.0,88.0,27.0,94.0,99.915,3.38,0.77,9.4,5
7.9,545.0,0.06,4.0,87.0,27.0,61.0,9.965,3.36,0.67,10.7,0
6.9,0.54,0.04,3.0,77.0,7.0,27.0,9.987,3.69,0.91,9.4,4
11.5,0.18,0.51,4.0,104.0,4.0,23.0,9.996,3.28,0.97,10.1,4
10.3,0.32,0.45,6.4,73.0,5.0,13.0,9.976,3.23,0.82,12.6,4
8.9,0.4,0.32,5.6,87.0,10.0,47.0,9.991,3.38,0.77,10.5,4
11.4,0.26,0.44,3.6,71.0,6.0,19.0,9.986,3.12,0.82,9.3,4
7.7,0.27,0.68,3.5,358.0,5.0,10.0,9.972,3.25,1.08,9.9,3
7.6,0.52,0.12,3.0,67.0,12.0,53.0,9.971,3.36,0.57,9.1,4
8.9,0.4,0.32,5.6,87.0,10.0,47.0,9.991,3.38,0.77,10.5,4
9.9,0.59,0.07,3.4,102.0,32.0,71.0,100.015,3.31,0.71,9.8,5
9.9,0.59,0.07,3.4,102.0,32.0,71.0,100.015,3.31,0.71,9.8,5
12.0,0.45,0.55,2.0,73.0,25.0,49.0,9.997,3.1,0.76,10.3,4
7.5,0.4,0.12,3.0,92.0,29.0,53.0,9.967,3.37,0.7,10.3,4
8.7,0.52,0.09,2.5,91.0,20.0,49.0,9.976,3.34,0.86,10.6,4
11.6,0.42,0.53,3.3,105.0,33.0,98.0,1.001,3.2,0.95,9.2,4
8.7,0.52,0.09,2.5,91.0,20.0,49.0,9.976,3.34,0.86,10.6,4
11.0,0.2,0.48,2.0,343.0,6.0,18.0,9.979,3.3,0.71,10.5,3
10.4,0.55,0.23,2.7,91.0,18.0,48.0,9.994,3.22,0.64,10.3,4
6.9,0.36,0.25,2.4,98.0,5.0,16.0,9.964,3.41,0.6,10.1,4
13.3,0.34,0.52,3.2,94.0,17.0,53.0,1.2014,3.05,0.81,9.5,4
10.8,0.5,0.46,2.5,73.0,5.0,27.0,1.2001,3.05,0.64,9.5,4
10.6,0.83,0.37,2.6,86.0,26.0,70.0,9.981,3.16,0.52,9.9,4
7.1,0.63,0.06,2.0,83.0,8.0,29.0,99.855,3.67,0.73,9.6,5
7.2,0.65,0.02,2.3,94.0,5.0,31.0,9.993,3.67,0.8,9.7,4
6.9,0.67,0.06,2.1,0.08,8.0,33.0,99.845,3.68,0.71,9.6,5
7.5,0.53,0.06,2.6,86.0,20.0,44.0,9.965,3.38,0.59,10.7,4
11.1,0.18,0.48,1.5,68.0,7.0,15.0,9.973,3.22,0.64,10.1,4
8.3,705.0,0.12,2.6,92.0,12.0,28.0,9.994,3.51,0.72,10.0,2
7.4,0.67,0.12,1.6,186.0,5.0,21.0,996.0,3.39,0.54,9.5,1
8.4,0.65,0.6,2.1,112.0,12.0,90.0,9.973,3.2,0.52,9.2,4
10.3,0.53,0.48,2.5,63.0,6.0,25.0,9.998,3.12,0.59,9.3,4
7.6,0.62,0.32,2.2,82.0,7.0,54.0,9.966,3.36,0.52,9.4,4
10.3,0.41,0.42,2.4,213.0,6.0,14.0,9.994,3.19,0.62,9.5,3
10.3,0.43,0.44,2.4,214.0,5.0,12.0,9.994,3.19,0.63,9.5,3
7.4,0.29,0.38,1.7,62.0,9.0,30.0,9.968,3.41,0.53,9.5,4
10.3,0.53,0.48,2.5,63.0,6.0,25.0,9.998,3.12,0.59,9.3,4
7.9,0.53,0.24,2.0,72.0,15.0,105.0,996.0,3.27,0.54,9.4,1
9.0,0.46,0.31,2.8,93.0,19.0,98.0,99.815,3.32,0.63,9.5,5
8.6,0.47,0.3,3.0,76.0,30.0,135.0,9.976,3.3,0.53,9.4,4
7.4,0.36,0.29,2.6,87.0,26.0,72.0,99.645,3.39,0.68,11.0,5
7.1,0.35,0.29,2.5,96.0,20.0,53.0,9.962,3.42,0.65,11.0,4
9.6,0.56,0.23,3.4,102.0,37.0,92.0,9.996,3.3,0.65,10.1,4
9.6,0.77,0.12,2.9,82.0,30.0,74.0,99.865,3.3,0.64,10.4,5
9.8,0.66,0.39,3.2,83.0,21.0,59.0,9.989,3.37,0.71,11.5,4
9.6,0.77,0.12,2.9,82.0,30.0,74.0,99.865,3.3,0.64,10.4,5
9.8,0.66,0.39,3.2,83.0,21.0,59.0,9.989,3.37,0.71,11.5,4
9.3,0.61,0.26,3.4,0.09,25.0,87.0,99.975,3.24,0.62,9.7,5
7.8,0.62,0.05,2.3,79.0,6.0,18.0,99.735,3.29,0.63,9.3,5
10.3,0.59,0.42,2.8,0.09,35.0,73.0,999.0,3.28,0.7,9.5,1
10.0,0.49,0.2,11.0,71.0,13.0,50.0,1.2015,3.16,0.69,9.2,4
10.0,0.49,0.2,11.0,71.0,13.0,50.0,1.2015,3.16,0.69,9.2,4
11.6,0.53,0.66,3.65,121.0,6.0,14.0,9.978,3.05,0.74,11.5,4
10.3,0.44,0.5,4.5,107.0,5.0,13.0,998.0,3.28,0.83,11.5,1
13.4,0.27,0.62,2.6,82.0,6.0,21.0,1.2002,3.16,0.67,9.7,4
10.7,0.46,0.39,2.0,61.0,7.0,15.0,9.981,3.18,0.62,9.5,4
10.2,0.36,0.64,2.9,122.0,10.0,41.0,998.0,3.23,0.66,12.5,1
10.2,0.36,0.64,2.9,122.0,10.0,41.0,998.0,3.23,0.66,12.5,1
8.0,0.58,0.28,3.2,66.0,21.0,114.0,9.973,3.22,0.54,9.4,4
8.4,0.56,0.08,2.1,105.0,16.0,44.0,9.958,3.13,0.52,11.0,4
7.9,0.65,0.01,2.5,78.0,17.0,38.0,9.963,3.34,0.74,11.7,4
11.9,695.0,0.53,3.4,128.0,7.0,21.0,9.992,3.17,0.84,12.2,2
8.9,0.43,0.45,1.9,52.0,6.0,16.0,9.948,3.35,0.7,12.5,4
7.8,0.43,0.32,2.8,0.08,29.0,58.0,9.974,3.31,0.64,10.3,4
12.4,0.49,0.58,3.0,103.0,28.0,99.0,1.2008,3.16,1.0,11.5,4
12.5,0.28,0.54,2.3,82.0,12.0,29.0,9.997,3.11,1.36,9.8,4
12.2,0.34,0.5,2.4,66.0,10.0,21.0,1.0,3.12,1.18,9.2,4
10.6,0.42,0.48,2.7,65.0,5.0,18.0,9.972,3.21,0.87,11.3,4
10.9,0.39,0.47,1.8,118.0,6.0,14.0,9.982,3.3,0.75,9.8,4
10.9,0.39,0.47,1.8,118.0,6.0,14.0,9.982,3.3,0.75,9.8,4
11.9,0.57,0.5,2.6,82.0,6.0,32.0,1.2006,3.12,0.78,10.7,4
7.0,685.0,0.0,1.9,67.0,40.0,63.0,9.979,3.6,0.81,9.9,2
6.6,815.0,0.02,2.7,72.0,17.0,34.0,9.955,3.58,0.89,12.3,2
13.8,0.49,0.67,3.0,93.0,6.0,15.0,9.986,3.02,0.93,12.0,4
9.6,0.56,0.31,2.8,89.0,15.0,46.0,9.979,3.11,0.92,10.0,4
9.1,785.0,0.0,2.6,93.0,11.0,28.0,9.994,3.36,0.86,9.4,2
10.7,0.67,0.22,2.7,107.0,17.0,34.0,1.2004,3.28,0.98,9.9,4
9.1,795.0,0.0,2.6,96.0,11.0,26.0,9.994,3.35,0.83,9.4,2
7.7,665.0,0.0,2.4,0.09,8.0,19.0,9.974,3.27,0.73,9.3,2
13.5,0.53,0.79,4.8,0.12,23.0,77.0,1.2018,3.18,0.77,13.0,4
6.1,0.21,0.4,1.4,66.0,40.5,165.0,9.912,3.25,0.59,11.9,4
6.7,0.75,0.01,2.4,78.0,17.0,32.0,9.955,3.55,0.61,12.8,4
11.5,0.41,0.52,3.0,0.08,29.0,55.0,1.2001,3.26,0.88,11.0,4
10.5,0.42,0.66,2.95,116.0,12.0,29.0,997.0,3.24,0.75,11.7,1
11.9,0.43,0.66,3.1,109.0,10.0,23.0,1.0,3.15,0.85,10.4,4
12.6,0.38,0.66,2.6,88.0,10.0,41.0,1.001,3.17,0.68,9.8,4
8.2,0.7,0.23,2.0,99.0,14.0,81.0,9.973,3.19,0.7,9.4,4
8.6,0.45,0.31,2.6,86.0,21.0,50.0,9.982,3.37,0.91,9.9,4
11.9,0.58,0.66,2.5,72.0,6.0,37.0,9.992,3.05,0.56,10.0,4
12.5,0.46,0.63,2.0,71.0,6.0,15.0,9.988,2.99,0.87,10.2,4
12.8,615.0,0.66,5.8,83.0,7.0,42.0,1.2022,3.07,0.73,10.0,2
10.0,0.42,0.5,3.4,107.0,7.0,21.0,9.979,3.26,0.93,11.8,4
12.8,615.0,0.66,5.8,83.0,7.0,42.0,1.2022,3.07,0.73,10.0,2
10.4,575.0,0.61,2.6,76.0,11.0,24.0,1.0,3.16,0.69,9.0,0
10.3,0.34,0.52,2.8,159.0,15.0,75.0,9.998,3.18,0.64,9.4,4
9.4,0.27,0.53,2.4,74.0,6.0,18.0,9.962,3.2,1.13,12.0,4
6.9,765.0,0.02,2.3,63.0,35.0,63.0,9.975,3.57,0.78,9.9,2
7.9,0.24,0.4,1.6,56.0,11.0,25.0,9.967,3.32,0.87,8.7,4
9.1,0.28,0.48,1.8,67.0,26.0,46.0,9.967,3.32,1.04,10.6,4
7.4,0.55,0.22,2.2,106.0,12.0,72.0,9.959,3.05,0.63,9.2,4
14.0,0.41,0.63,3.8,89.0,6.0,47.0,1.2014,3.01,0.81,10.8,4
11.5,0.54,0.71,4.4,124.0,6.0,15.0,9.984,3.01,0.83,11.8,4
11.5,0.45,0.5,3.0,78.0,19.0,47.0,1.2003,3.26,1.11,11.0,4
9.4,0.27,0.53,2.4,74.0,6.0,18.0,9.962,3.2,1.13,12.0,4
11.4,625.0,0.66,6.2,88.0,6.0,24.0,9.988,3.11,0.99,13.3,2
8.3,0.42,0.38,2.5,94.0,24.0,60.0,9.979,3.31,0.7,10.8,4
8.3,0.26,0.42,2.0,0.08,11.0,27.0,9.974,3.21,0.8,9.4,4
13.7,415.0,0.68,2.9,85.0,17.0,43.0,1.2014,3.06,0.8,10.0,0
8.3,0.26,0.42,2.0,0.08,11.0,27.0,9.974,3.21,0.8,9.4,4
8.3,0.26,0.42,2.0,0.08,11.0,27.0,9.974,3.21,0.8,9.4,4
7.7,0.51,0.28,2.1,87.0,23.0,54.0,998.0,3.42,0.74,9.2,1
7.4,0.63,0.07,2.4,0.09,11.0,37.0,9.979,3.43,0.76,9.7,4
7.8,0.54,0.26,2.0,88.0,23.0,48.0,9.981,3.41,0.74,9.2,4
8.3,0.66,0.15,1.9,79.0,17.0,42.0,9.972,3.31,0.54,9.6,4
7.8,0.46,0.26,1.9,88.0,23.0,53.0,9.981,3.43,0.74,9.2,4
9.6,0.38,0.31,2.5,96.0,16.0,49.0,9.982,3.19,0.7,10.0,4
5.6,0.85,0.05,1.4,45.0,12.0,88.0,9.924,3.56,0.82,12.9,4
13.7,415.0,0.68,2.9,85.0,17.0,43.0,1.2014,3.06,0.8,10.0,0
9.5,0.37,0.52,2.0,82.0,6.0,26.0,998.0,3.18,0.51,9.5,1
8.4,665.0,0.61,2.0,112.0,13.0,95.0,997.0,3.16,0.54,9.1,1
12.7,0.6,0.65,2.3,63.0,6.0,25.0,9.997,3.03,0.57,9.9,4
12.0,0.37,0.76,4.2,66.0,7.0,38.0,1.2004,3.22,0.6,13.0,4
6.6,735.0,0.02,7.9,122.0,68.0,124.0,9.994,3.47,0.53,9.9,2
11.5,0.59,0.59,2.6,87.0,13.0,49.0,9.988,3.18,0.65,11.0,4
11.5,0.59,0.59,2.6,87.0,13.0,49.0,9.988,3.18,0.65,11.0,4
8.7,765.0,0.22,2.3,64.0,9.0,42.0,9.963,3.1,0.55,9.4,2
6.6,735.0,0.02,7.9,122.0,68.0,124.0,9.994,3.47,0.53,9.9,2
7.7,0.26,0.3,1.7,59.0,20.0,38.0,9.949,3.29,0.47,10.8,4
12.2,0.48,0.54,2.6,85.0,19.0,64.0,1.0,3.1,0.61,10.5,4
11.4,0.6,0.49,2.7,85.0,10.0,41.0,9.994,3.15,0.63,10.5,4
7.7,0.69,0.05,2.7,75.0,15.0,27.0,9.974,3.26,0.61,9.1,4
8.7,0.31,0.46,1.4,59.0,11.0,25.0,9.966,3.36,0.76,10.1,4
9.8,0.44,0.47,2.5,63.0,9.0,28.0,9.981,3.24,0.65,10.8,4
12.0,0.39,0.66,3.0,93.0,12.0,30.0,9.996,3.18,0.63,10.8,4
10.4,0.34,0.58,3.7,174.0,6.0,16.0,997.0,3.19,0.7,11.3,1
12.5,0.46,0.49,4.5,0.07,26.0,49.0,9.981,3.05,0.57,9.6,4
9.0,0.43,0.34,2.5,0.08,26.0,86.0,9.987,3.38,0.62,9.5,4
9.1,0.45,0.35,2.4,0.08,23.0,78.0,9.987,3.38,0.62,9.5,4
7.1,735.0,0.16,1.9,0.1,15.0,77.0,9.966,3.27,0.64,9.3,2
9.9,0.4,0.53,6.7,97.0,6.0,19.0,9.986,3.27,0.82,11.7,4
8.8,0.52,0.34,2.7,87.0,24.0,122.0,9.982,3.26,0.61,9.5,4
8.6,725.0,0.24,6.6,117.0,31.0,134.0,1.2014,3.32,1.07,9.3,2
10.6,0.48,0.64,2.2,111.0,6.0,20.0,997.0,3.26,0.66,11.7,1
7.0,0.58,0.12,1.9,91.0,34.0,124.0,9.956,3.44,0.48,10.5,4
11.9,0.38,0.51,2.0,121.0,7.0,20.0,9.996,3.24,0.76,10.4,4
6.8,0.77,0.0,1.8,66.0,34.0,52.0,9.976,3.62,0.68,9.9,4
9.5,0.56,0.33,2.4,89.0,35.0,67.0,9.972,3.28,0.73,11.8,4
6.6,0.84,0.03,2.3,59.0,32.0,48.0,9.952,3.52,0.56,12.3,4
7.7,0.96,0.2,2.0,47.0,15.0,60.0,9.955,3.36,0.44,10.9,4
10.5,0.24,0.47,2.1,66.0,6.0,24.0,9.978,3.15,0.9,11.0,4
7.7,0.96,0.2,2.0,47.0,15.0,60.0,9.955,3.36,0.44,10.9,4
6.6,0.84,0.03,2.3,59.0,32.0,48.0,9.952,3.52,0.56,12.3,4
6.4,0.67,0.08,2.1,45.0,19.0,48.0,9.949,3.49,0.49,11.4,4
9.5,0.78,0.22,1.9,77.0,6.0,32.0,9.988,3.26,0.56,10.6,4
9.1,0.52,0.33,1.3,0.07,9.0,30.0,9.978,3.24,0.6,9.3,4
12.8,0.84,0.63,2.4,88.0,13.0,35.0,9.997,3.1,0.6,10.4,4
10.5,0.24,0.47,2.1,66.0,6.0,24.0,9.978,3.15,0.9,11.0,4
7.8,0.55,0.35,2.2,74.0,21.0,66.0,9.974,3.25,0.56,9.2,4
11.9,0.37,0.69,2.3,78.0,12.0,24.0,9.958,3.0,0.65,12.8,4
12.3,0.39,0.63,2.3,91.0,6.0,18.0,1.2004,3.16,0.49,9.5,4
10.4,0.41,0.55,3.2,76.0,22.0,54.0,9.996,3.15,0.89,9.9,4
12.3,0.39,0.63,2.3,91.0,6.0,18.0,1.2004,3.16,0.49,9.5,4
8.0,0.67,0.3,2.0,0.06,38.0,62.0,9.958,3.26,0.56,10.2,4
11.1,0.45,0.73,3.2,66.0,6.0,22.0,9.986,3.17,0.66,11.2,4
10.4,0.41,0.55,3.2,76.0,22.0,54.0,9.996,3.15,0.89,9.9,4
7.0,0.62,0.18,1.5,62.0,7.0,50.0,9.951,3.08,0.6,9.3,4
12.6,0.31,0.72,2.2,72.0,6.0,29.0,9.987,2.88,0.82,9.8,4
11.9,0.4,0.65,2.15,68.0,7.0,27.0,9.988,3.06,0.68,11.3,4
15.6,685.0,0.76,3.7,0.1,6.0,43.0,1.1932,2.95,0.68,11.2,2
10.0,0.44,0.49,2.7,77.0,11.0,19.0,9.963,3.23,0.63,11.6,4
5.3,0.57,0.01,1.7,54.0,5.0,27.0,9.934,3.57,0.84,12.5,4
9.5,735.0,0.1,2.1,79.0,6.0,31.0,9.986,3.23,0.56,10.1,2
12.5,0.38,0.6,2.6,81.0,31.0,72.0,9.996,3.1,0.73,10.5,4
9.3,0.48,0.29,2.1,127.0,6.0,16.0,9.968,3.22,0.72,11.2,4
8.6,0.53,0.22,2.0,0.1,7.0,27.0,9.967,3.2,0.56,10.2,4
11.9,0.39,0.69,2.8,95.0,17.0,35.0,9.994,3.1,0.61,10.8,4
11.9,0.39,0.69,2.8,95.0,17.0,35.0,9.994,3.1,0.61,10.8,4
8.4,0.37,0.53,1.8,413.0,9.0,26.0,9.979,3.06,1.06,9.1,3
6.8,0.56,0.03,1.7,84.0,18.0,35.0,9.968,3.44,0.63,10.0,4
10.4,0.33,0.63,2.8,84.0,5.0,22.0,9.998,3.26,0.74,11.2,4
7.0,0.23,0.4,1.6,63.0,21.0,67.0,9.952,3.5,0.63,11.1,4
11.3,0.62,0.67,5.2,86.0,6.0,19.0,9.988,3.22,0.69,13.4,4
8.9,0.59,0.39,2.3,95.0,5.0,22.0,9.986,3.37,0.58,10.3,4
9.2,0.63,0.21,2.7,97.0,29.0,65.0,9.988,3.28,0.58,9.6,4
10.4,0.33,0.63,2.8,84.0,5.0,22.0,9.998,3.26,0.74,11.2,4
11.6,0.58,0.66,2.2,74.0,10.0,47.0,1.2008,3.25,0.57,9.0,4
9.2,0.43,0.52,2.3,83.0,14.0,23.0,9.976,3.35,0.61,11.3,4
8.3,615.0,0.22,2.6,87.0,6.0,19.0,9.982,3.26,0.61,9.3,2
11.0,0.26,0.68,2.55,85.0,10.0,25.0,997.0,3.18,0.61,11.8,1
8.1,0.66,0.7,2.2,98.0,25.0,129.0,9.972,3.08,0.53,9.0,4
11.5,315.0,0.54,2.1,84.0,5.0,15.0,9.987,2.98,0.7,9.2,0
10.0,0.29,0.4,2.9,98.0,10.0,26.0,1.2006,3.48,0.91,9.7,4
10.3,0.5,0.42,2.0,69.0,21.0,51.0,9.982,3.16,0.72,11.5,4
8.8,0.46,0.45,2.6,65.0,7.0,18.0,9.947,3.32,0.79,14.0,4
11.4,0.36,0.69,2.1,0.09,6.0,21.0,1.0,3.17,0.62,9.2,4
8.7,0.82,0.02,1.2,0.07,36.0,48.0,9.952,3.2,0.58,9.8,4
13.0,0.32,0.65,2.6,93.0,15.0,47.0,9.996,3.05,0.61,10.6,4
9.6,0.54,0.42,2.4,81.0,25.0,52.0,997.0,3.2,0.71,11.4,1
12.5,0.37,0.55,2.6,83.0,25.0,68.0,9.995,3.15,0.82,10.4,4
9.9,0.35,0.55,2.1,62.0,5.0,14.0,9.971,3.26,0.79,10.6,4
10.5,0.28,0.51,1.7,0.08,10.0,24.0,9.982,3.2,0.89,9.4,4
9.6,0.68,0.24,2.2,87.0,5.0,28.0,9.988,3.14,0.6,10.2,4
9.3,0.27,0.41,2.0,91.0,6.0,16.0,998.0,3.28,0.7,9.7,1
10.4,0.24,0.49,1.8,75.0,6.0,20.0,9.977,3.18,1.06,11.0,4
9.6,0.68,0.24,2.2,87.0,5.0,28.0,9.988,3.14,0.6,10.2,4
9.4,685.0,0.11,2.7,77.0,6.0,31.0,9.984,3.19,0.7,10.1,2
10.6,0.28,0.39,15.5,69.0,6.0,23.0,1.2026,3.12,0.66,9.2,4
9.4,0.3,0.56,2.8,0.08,6.0,17.0,9.964,3.15,0.92,11.7,4
10.6,0.36,0.59,2.2,152.0,6.0,18.0,9.986,3.04,1.05,9.4,4
10.6,0.36,0.6,2.2,152.0,7.0,18.0,9.986,3.04,1.06,9.4,4
10.6,0.44,0.68,4.1,114.0,6.0,24.0,997.0,3.06,0.66,13.4,1
10.2,0.67,0.39,1.9,54.0,6.0,17.0,9.976,3.17,0.47,10.0,4
10.2,0.67,0.39,1.9,54.0,6.0,17.0,9.976,3.17,0.47,10.0,4
10.2,645.0,0.36,1.8,53.0,5.0,14.0,9.982,3.17,0.42,10.0,2
11.6,0.32,0.55,2.8,81.0,35.0,67.0,1.2002,3.32,0.92,10.8,4
9.3,0.39,0.4,2.6,73.0,10.0,26.0,9.984,3.34,0.75,10.2,4
9.3,775.0,0.27,2.8,78.0,24.0,56.0,9.984,3.31,0.67,10.6,2
9.2,0.41,0.5,2.5,55.0,12.0,25.0,9.952,3.34,0.79,13.3,4
8.9,0.4,0.51,2.6,52.0,13.0,27.0,995.0,3.32,0.9,13.4,1
8.7,0.69,0.31,3.0,86.0,23.0,81.0,1.2002,3.48,0.74,11.6,4
6.5,0.39,0.23,8.3,51.0,28.0,91.0,9.952,3.44,0.55,12.1,4
10.7,0.35,0.53,2.6,0.07,5.0,16.0,9.972,3.15,0.65,11.0,4
7.8,0.52,0.25,1.9,81.0,14.0,38.0,9.984,3.43,0.65,9.0,4
7.2,0.34,0.32,2.5,0.09,43.0,113.0,9.966,3.32,0.79,11.1,4
10.7,0.35,0.53,2.6,0.07,5.0,16.0,9.972,3.15,0.65,11.0,4
8.7,0.69,0.31,3.0,86.0,23.0,81.0,1.2002,3.48,0.74,11.6,4
7.8,0.52,0.25,1.9,81.0,14.0,38.0,9.984,3.43,0.65,9.0,4
10.4,0.44,0.73,6.55,74.0,38.0,76.0,999.0,3.17,0.85,12.0,1
10.4,0.44,0.73,6.55,74.0,38.0,76.0,999.0,3.17,0.85,12.0,1
10.5,0.26,0.47,1.9,78.0,6.0,24.0,9.976,3.18,1.04,10.9,4
10.5,0.24,0.42,1.8,77.0,6.0,22.0,9.976,3.21,1.05,10.8,4
10.2,0.49,0.63,2.9,72.0,10.0,26.0,9.968,3.16,0.78,12.5,4
10.4,0.24,0.46,1.8,75.0,6.0,21.0,9.976,3.25,1.02,10.8,4
11.2,0.67,0.55,2.3,84.0,6.0,13.0,1.0,3.17,0.71,9.5,4
10.0,0.59,0.31,2.2,0.09,26.0,62.0,9.994,3.18,0.63,10.2,4
13.3,0.29,0.75,2.8,84.0,23.0,43.0,9.986,3.04,0.68,11.4,4
12.4,0.42,0.49,4.6,73.0,19.0,43.0,9.978,3.02,0.61,9.5,4
10.0,0.59,0.31,2.2,0.09,26.0,62.0,9.994,3.18,0.63,10.2,4
10.7,0.4,0.48,2.1,125.0,15.0,49.0,998.0,3.03,0.81,9.7,1
10.5,0.51,0.64,2.4,107.0,6.0,15.0,9.973,3.09,0.66,11.8,4
10.5,0.51,0.64,2.4,107.0,6.0,15.0,9.973,3.09,0.66,11.8,4
8.5,655.0,0.49,6.1,122.0,34.0,151.0,1.001,3.31,1.14,9.3,2
12.5,0.6,0.49,4.3,0.1,5.0,14.0,1.001,3.25,0.74,11.9,4
10.4,0.61,0.49,2.1,0.2,5.0,16.0,9.994,3.16,0.63,8.4,4
10.9,0.21,0.49,2.8,88.0,11.0,32.0,9.972,3.22,0.68,11.7,4
7.3,365.0,0.49,2.5,88.0,39.0,106.0,9.966,3.36,0.78,11.0,0
9.8,0.25,0.49,2.7,88.0,15.0,33.0,9.982,3.42,0.9,10.0,4
7.6,0.41,0.49,2.0,88.0,16.0,43.0,998.0,3.48,0.64,9.1,1
8.2,0.39,0.49,2.3,99.0,47.0,133.0,9.979,3.38,0.99,9.8,4
9.3,0.4,0.49,2.5,85.0,38.0,142.0,9.978,3.22,0.55,9.4,4
9.2,0.43,0.49,2.4,86.0,23.0,116.0,9.976,3.23,0.64,9.5,4
10.4,0.64,0.24,2.8,105.0,29.0,53.0,9.998,3.24,0.67,9.9,4
7.3,365.0,0.49,2.5,88.0,39.0,106.0,9.966,3.36,0.78,11.0,0
7.0,0.38,0.49,2.5,97.0,33.0,85.0,9.962,3.39,0.77,11.4,4
8.2,0.42,0.49,2.6,84.0,32.0,55.0,9.988,3.34,0.75,8.7,4
9.9,0.63,0.24,2.4,77.0,6.0,33.0,9.974,3.09,0.57,9.4,4
9.1,0.22,0.24,2.1,78.0,1.0,28.0,999.0,3.41,0.87,10.3,1
11.9,0.38,0.49,2.7,98.0,12.0,42.0,1.2004,3.16,0.61,10.3,4
11.9,0.38,0.49,2.7,98.0,12.0,42.0,1.2004,3.16,0.61,10.3,4
10.3,0.27,0.24,2.1,72.0,15.0,33.0,9.956,3.22,0.66,12.8,4
10.0,0.48,0.24,2.7,102.0,13.0,32.0,1.0,3.28,0.56,10.0,4
9.1,0.22,0.24,2.1,78.0,1.0,28.0,999.0,3.41,0.87,10.3,1
9.9,0.63,0.24,2.4,77.0,6.0,33.0,9.974,3.09,0.57,9.4,4
8.1,825.0,0.24,2.1,84.0,5.0,13.0,9.972,3.37,0.77,10.7,2
12.9,0.35,0.49,5.8,66.0,5.0,35.0,1.2014,3.2,0.66,12.0,4
11.2,0.5,0.74,5.15,0.1,5.0,17.0,9.996,3.22,0.62,11.2,4
9.2,0.59,0.24,3.3,101.0,20.0,47.0,9.988,3.26,0.67,9.6,4
9.5,0.46,0.49,6.3,64.0,5.0,17.0,9.988,3.21,0.73,11.0,4
9.3,715.0,0.24,2.1,0.07,5.0,20.0,9.966,3.12,0.59,9.9,2
11.2,0.66,0.24,2.5,85.0,16.0,53.0,9.993,3.06,0.72,11.0,4
14.3,0.31,0.74,1.8,75.0,6.0,15.0,1.2008,2.86,0.79,8.4,4
9.1,0.47,0.49,2.6,94.0,38.0,106.0,9.982,3.08,0.59,9.1,4
7.5,0.55,0.24,2.0,78.0,10.0,28.0,9.983,3.45,0.78,9.5,4
10.6,0.31,0.49,2.5,67.0,6.0,21.0,9.987,3.26,0.86,10.7,4
12.4,0.35,0.49,2.6,79.0,27.0,69.0,9.994,3.12,0.75,10.4,4
9.0,0.53,0.49,1.9,171.0,6.0,25.0,9.975,3.27,0.61,9.4,4
6.8,0.51,0.01,2.1,74.0,9.0,25.0,9.958,3.33,0.56,9.5,4
9.4,0.43,0.24,2.8,92.0,14.0,45.0,998.0,3.19,0.73,10.0,1
9.5,0.46,0.24,2.7,92.0,14.0,44.0,998.0,3.12,0.74,10.0,1
5.0,1.04,0.24,1.6,0.05,32.0,96.0,9.934,3.74,0.62,11.5,4
15.5,645.0,0.49,4.2,95.0,10.0,23.0,100.315,2.92,0.74,11.1,2
15.5,645.0,0.49,4.2,95.0,10.0,23.0,100.315,2.92,0.74,11.1,2
10.9,0.53,0.49,4.6,118.0,10.0,17.0,1.2002,3.07,0.56,11.7,4
15.6,645.0,0.49,4.2,95.0,10.0,23.0,100.315,2.92,0.74,11.1,2
10.9,0.53,0.49,4.6,118.0,10.0,17.0,1.2002,3.07,0.56,11.7,4
13.0,0.47,0.49,4.3,85.0,6.0,47.0,1.2021,3.3,0.68,12.7,4
12.7,0.6,0.49,2.8,75.0,5.0,19.0,9.994,3.14,0.57,11.4,4
9.0,0.44,0.49,2.4,78.0,26.0,121.0,9.978,3.23,0.58,9.2,4
9.0,0.54,0.49,2.9,94.0,41.0,110.0,9.982,3.08,0.61,9.2,4
7.6,0.29,0.49,2.7,92.0,25.0,60.0,9.971,3.31,0.61,10.1,4
13.0,0.47,0.49,4.3,85.0,6.0,47.0,1.2021,3.3,0.68,12.7,4
12.7,0.6,0.49,2.8,75.0,5.0,19.0,9.994,3.14,0.57,11.4,4
8.7,0.7,0.24,2.5,226.0,5.0,15.0,9.991,3.32,0.6,9.0,3
8.7,0.7,0.24,2.5,226.0,5.0,15.0,9.991,3.32,0.6,9.0,3
9.8,0.5,0.49,2.6,0.25,5.0,20.0,999.0,3.31,0.79,10.7,1
6.2,0.36,0.24,2.2,95.0,19.0,42.0,9.946,3.57,0.57,11.7,4
11.5,0.35,0.49,3.3,0.07,10.0,37.0,1.2003,3.32,0.91,11.0,4
6.2,0.36,0.24,2.2,95.0,19.0,42.0,9.946,3.57,0.57,11.7,4
10.2,0.24,0.49,2.4,75.0,10.0,28.0,9.978,3.14,0.61,10.4,4
10.5,0.59,0.49,2.1,0.07,14.0,47.0,9.991,3.3,0.56,9.6,4
10.6,0.34,0.49,3.2,78.0,20.0,78.0,9.992,3.19,0.7,10.0,4
12.3,0.27,0.49,3.1,79.0,28.0,46.0,9.993,3.2,0.8,10.2,4
9.9,0.5,0.24,2.3,103.0,6.0,14.0,9.978,3.34,0.52,10.0,4
8.8,0.44,0.49,2.8,83.0,18.0,111.0,9.982,3.3,0.6,9.5,4
8.8,0.47,0.49,2.9,85.0,17.0,110.0,9.982,3.29,0.6,9.8,4
10.6,0.31,0.49,2.2,63.0,18.0,40.0,9.976,3.14,0.51,9.8,4
12.3,0.5,0.49,2.2,89.0,5.0,14.0,1.2002,3.19,0.44,9.6,4
12.3,0.5,0.49,2.2,89.0,5.0,14.0,1.2002,3.19,0.44,9.6,4
11.7,0.49,0.49,2.2,83.0,5.0,15.0,1.0,3.19,0.43,9.2,4
12.0,0.28,0.49,1.9,74.0,10.0,21.0,9.976,2.98,0.66,9.9,4
11.8,0.33,0.49,3.4,93.0,54.0,80.0,1.2002,3.3,0.76,10.7,4
7.6,0.51,0.24,2.4,91.0,8.0,38.0,998.0,3.47,0.66,9.6,1
11.1,0.31,0.49,2.7,94.0,16.0,47.0,9.986,3.12,1.02,10.6,4
7.3,0.73,0.24,1.9,108.0,18.0,102.0,9.967,3.26,0.59,9.3,4
5.0,0.42,0.24,2.0,0.06,19.0,50.0,9.917,3.72,0.74,14.0,4
10.2,0.29,0.49,2.6,59.0,5.0,13.0,9.976,3.05,0.74,10.5,4
9.0,0.45,0.49,2.6,84.0,21.0,75.0,9.987,3.35,0.57,9.7,4
6.6,0.39,0.49,1.7,0.07,23.0,149.0,9.922,3.12,0.5,11.5,4
9.0,0.45,0.49,2.6,84.0,21.0,75.0,9.987,3.35,0.57,9.7,4
9.9,0.49,0.58,3.5,94.0,9.0,43.0,1.2004,3.29,0.58,9.0,4
7.9,0.72,0.17,2.6,96.0,20.0,38.0,9.978,3.4,0.53,9.5,4
8.9,595.0,0.41,7.9,86.0,30.0,109.0,9.998,3.27,0.57,9.3,0
12.4,0.4,0.51,2.0,59.0,6.0,24.0,9.994,3.04,0.6,9.3,4
11.9,0.58,0.58,1.9,71.0,5.0,18.0,998.0,3.09,0.63,10.0,1
8.5,585.0,0.18,2.1,78.0,5.0,30.0,9.967,3.2,0.48,9.8,0
12.7,0.59,0.45,2.3,82.0,11.0,22.0,1.0,3.0,0.7,9.3,4
8.2,915.0,0.27,2.1,88.0,7.0,23.0,9.962,3.26,0.47,10.0,2
13.2,0.46,0.52,2.2,71.0,12.0,35.0,1.2006,3.1,0.56,9.0,4
7.7,835.0,0.0,2.6,81.0,6.0,14.0,9.975,3.3,0.52,9.3,2
13.2,0.46,0.52,2.2,71.0,12.0,35.0,1.2006,3.1,0.56,9.0,4
8.3,0.58,0.13,2.9,96.0,14.0,63.0,9.984,3.17,0.62,9.1,4
8.3,0.6,0.13,2.6,85.0,6.0,24.0,9.984,3.31,0.59,9.2,4
9.4,0.41,0.48,4.6,72.0,10.0,20.0,9.973,3.34,0.79,12.2,4
8.8,0.48,0.41,3.3,92.0,26.0,52.0,9.982,3.31,0.53,10.5,4
10.1,0.65,0.37,5.1,0.11,11.0,65.0,1.2026,3.32,0.64,10.4,4
6.3,0.36,0.19,3.2,75.0,15.0,39.0,9.956,3.56,0.52,12.7,4
8.8,0.24,0.54,2.5,83.0,25.0,57.0,9.983,3.39,0.54,9.2,4
13.2,0.38,0.55,2.7,81.0,5.0,16.0,1.2006,2.98,0.54,9.4,4
7.5,0.64,0.0,2.4,77.0,18.0,29.0,9.965,3.32,0.6,10.0,4
8.2,0.39,0.38,1.5,58.0,10.0,29.0,9.962,3.26,0.74,9.8,4
9.2,755.0,0.18,2.2,148.0,10.0,103.0,9.969,2.87,1.36,10.2,2
9.6,0.6,0.5,2.3,79.0,28.0,71.0,9.997,3.5,0.57,9.7,4
9.6,0.6,0.5,2.3,79.0,28.0,71.0,9.997,3.5,0.57,9.7,4
11.5,0.31,0.51,2.2,79.0,14.0,28.0,9.982,3.03,0.93,9.8,4
11.4,0.46,0.5,2.7,122.0,4.0,17.0,1.2006,3.13,0.7,10.2,4
11.3,0.37,0.41,2.3,88.0,6.0,16.0,9.988,3.09,0.8,9.3,4
8.3,0.54,0.24,3.4,76.0,16.0,112.0,9.976,3.27,0.61,9.4,4
8.2,0.56,0.23,3.4,78.0,14.0,104.0,9.976,3.28,0.62,9.4,4
10.0,0.58,0.22,1.9,0.08,9.0,32.0,9.974,3.13,0.55,9.5,4
7.9,0.51,0.25,2.9,77.0,21.0,45.0,9.974,3.49,0.96,12.1,4
6.8,0.69,0.0,5.6,124.0,21.0,58.0,9.997,3.46,0.72,10.2,4
6.8,0.69,0.0,5.6,124.0,21.0,58.0,9.997,3.46,0.72,10.2,4
8.8,0.6,0.29,2.2,98.0,5.0,15.0,9.988,3.36,0.49,9.1,4
8.8,0.6,0.29,2.2,98.0,5.0,15.0,9.988,3.36,0.49,9.1,4
8.7,0.54,0.26,2.5,97.0,7.0,31.0,9.976,3.27,0.6,9.3,4
7.6,685.0,0.23,2.3,111.0,20.0,84.0,9.964,3.21,0.61,9.3,2
8.7,0.54,0.26,2.5,97.0,7.0,31.0,9.976,3.27,0.6,9.3,4
10.4,0.28,0.54,2.7,105.0,5.0,19.0,9.988,3.25,0.63,9.5,4
7.6,0.41,0.14,3.0,87.0,21.0,43.0,9.964,3.32,0.57,10.5,4
10.1,935.0,0.22,3.4,105.0,11.0,86.0,1.001,3.43,0.64,11.3,2
7.9,0.35,0.21,1.9,73.0,46.0,102.0,9.964,3.27,0.58,9.5,4
8.7,0.84,0.0,1.4,65.0,24.0,33.0,9.954,3.27,0.55,9.7,4
9.6,0.88,0.28,2.4,86.0,30.0,147.0,9.979,3.24,0.53,9.4,4
9.5,885.0,0.27,2.3,84.0,31.0,145.0,9.978,3.24,0.53,9.4,2
7.7,915.0,0.12,2.2,143.0,7.0,23.0,9.964,3.35,0.65,10.2,2
8.9,0.29,0.35,1.9,67.0,25.0,57.0,997.0,3.18,1.36,10.3,1
9.9,0.54,0.45,2.3,71.0,16.0,40.0,9.991,3.39,0.62,9.4,4
9.5,0.59,0.44,2.3,71.0,21.0,68.0,9.992,3.46,0.63,9.5,4
9.9,0.54,0.45,2.3,71.0,16.0,40.0,9.991,3.39,0.62,9.4,4
9.5,0.59,0.44,2.3,71.0,21.0,68.0,9.992,3.46,0.63,9.5,4
9.9,0.54,0.45,2.3,71.0,16.0,40.0,9.991,3.39,0.62,9.4,4
7.8,0.64,0.1,6.0,115.0,5.0,11.0,9.984,3.37,0.69,10.1,4
7.3,0.67,0.05,3.6,107.0,6.0,20.0,9.972,3.4,0.63,10.1,4
8.3,845.0,0.01,2.2,0.07,5.0,14.0,9.967,3.32,0.58,11.0,2
8.7,0.48,0.3,2.8,66.0,10.0,28.0,9.964,3.33,0.67,11.2,4
6.7,0.42,0.27,8.6,68.0,24.0,148.0,9.948,3.16,0.57,11.3,4
10.7,0.43,0.39,2.2,106.0,8.0,32.0,9.986,2.89,0.5,9.6,4
9.8,0.88,0.25,2.5,104.0,35.0,155.0,1.001,3.41,0.67,11.2,4
15.9,0.36,0.65,7.5,96.0,22.0,71.0,9.976,2.98,0.84,14.9,4
9.4,0.33,0.59,2.8,79.0,9.0,30.0,9.976,3.12,0.54,12.0,4
8.6,0.47,0.47,2.4,74.0,7.0,29.0,9.979,3.08,0.46,9.5,4
9.7,0.55,0.17,2.9,87.0,20.0,53.0,1.2004,3.14,0.61,9.4,4
10.7,0.43,0.39,2.2,106.0,8.0,32.0,9.986,2.89,0.5,9.6,4
12.0,0.5,0.59,1.4,73.0,23.0,42.0,998.0,2.92,0.68,10.5,1
7.2,0.52,0.07,1.4,74.0,5.0,20.0,9.973,3.32,0.81,9.6,4
7.1,0.84,0.02,4.4,96.0,5.0,13.0,997.0,3.41,0.57,11.0,1
7.2,0.52,0.07,1.4,74.0,5.0,20.0,9.973,3.32,0.81,9.6,4
7.5,0.42,0.31,1.6,0.08,15.0,42.0,9.978,3.31,0.64,9.0,4
7.2,0.57,0.06,1.6,76.0,9.0,27.0,9.972,3.36,0.7,9.6,4
10.1,0.28,0.46,1.8,0.05,5.0,13.0,9.974,3.04,0.79,10.2,4
12.1,0.4,0.52,2.0,92.0,15.0,54.0,1.0,3.03,0.66,10.2,4
9.4,0.59,0.14,2.0,84.0,25.0,48.0,9.981,3.14,0.56,9.7,4
8.3,0.49,0.36,1.8,222.0,6.0,16.0,998.0,3.18,0.6,9.5,1
11.3,0.34,0.45,2.0,82.0,6.0,15.0,9.988,2.94,0.66,9.2,4
10.0,0.73,0.43,2.3,59.0,15.0,31.0,9.966,3.15,0.57,11.0,4
11.3,0.34,0.45,2.0,82.0,6.0,15.0,9.988,2.94,0.66,9.2,4
6.9,0.4,0.24,2.5,83.0,30.0,45.0,9.959,3.26,0.58,10.0,4
8.2,0.73,0.21,1.7,74.0,5.0,13.0,9.968,3.2,0.52,9.5,4
9.8,1.24,0.34,2.0,79.0,32.0,151.0,998.0,3.15,0.53,9.5,1
8.2,0.73,0.21,1.7,74.0,5.0,13.0,9.968,3.2,0.52,9.5,4
10.8,0.4,0.41,2.2,84.0,7.0,17.0,9.984,3.08,0.67,9.3,4
9.3,0.41,0.39,2.2,64.0,12.0,31.0,9.984,3.26,0.65,10.2,4
10.8,0.4,0.41,2.2,84.0,7.0,17.0,9.984,3.08,0.67,9.3,4
8.6,0.8,0.11,2.3,84.0,12.0,31.0,9.979,3.4,0.48,9.9,4
8.3,0.78,0.1,2.6,81.0,45.0,87.0,9.983,3.48,0.53,10.0,4
10.8,0.26,0.45,3.3,0.06,20.0,49.0,9.972,3.13,0.54,9.6,4
13.3,0.43,0.58,1.9,0.07,15.0,40.0,1.2004,3.06,0.49,9.0,4
8.0,0.45,0.23,2.2,94.0,16.0,29.0,9.962,3.21,0.49,10.2,4
8.5,0.46,0.31,2.25,78.0,32.0,58.0,998.0,3.33,0.54,9.8,1
8.1,0.78,0.23,2.6,59.0,5.0,15.0,997.0,3.37,0.56,11.3,1
9.8,0.98,0.32,2.3,78.0,35.0,152.0,998.0,3.25,0.48,9.4,1
8.1,0.78,0.23,2.6,59.0,5.0,15.0,997.0,3.37,0.56,11.3,1
7.1,0.65,0.18,1.8,0.07,13.0,40.0,997.0,3.44,0.6,9.1,1
9.1,0.64,0.23,3.1,95.0,13.0,38.0,9.998,3.28,0.59,9.7,4
7.7,0.66,0.04,1.6,39.0,4.0,9.0,9.962,3.4,0.47,9.4,4
8.1,0.38,0.48,1.8,157.0,5.0,17.0,9.976,3.3,1.05,9.4,4
7.4,1.185,0.0,4.25,97.0,5.0,14.0,9.966,3.63,0.54,10.7,4
9.2,0.92,0.24,2.6,87.0,12.0,93.0,9.998,3.48,0.54,9.8,4
8.6,0.49,0.51,2.0,422.0,16.0,62.0,9.979,3.03,1.17,9.0,3
9.0,0.48,0.32,2.8,84.0,21.0,122.0,9.984,3.32,0.62,9.4,4
9.0,0.47,0.31,2.7,84.0,24.0,125.0,9.984,3.31,0.61,9.4,4
5.1,0.47,0.02,1.3,34.0,18.0,44.0,9.921,3.9,0.62,12.8,4
7.0,0.65,0.02,2.1,66.0,8.0,25.0,9.972,3.47,0.67,9.5,4
7.0,0.65,0.02,2.1,66.0,8.0,25.0,9.972,3.47,0.67,9.5,4
9.4,615.0,0.28,3.2,87.0,18.0,72.0,1.2001,3.31,0.53,9.7,2
11.8,0.38,0.55,2.1,71.0,5.0,19.0,9.986,3.11,0.62,10.8,4
10.6,1.02,0.43,2.9,76.0,26.0,88.0,9.984,3.08,0.57,10.1,4
7.0,0.65,0.02,2.1,66.0,8.0,25.0,9.972,3.47,0.67,9.5,4
7.0,0.64,0.02,2.1,67.0,9.0,23.0,997.0,3.47,0.67,9.4,1
7.5,0.38,0.48,2.6,73.0,22.0,84.0,9.972,3.32,0.7,9.6,4
9.1,765.0,0.04,1.6,78.0,4.0,14.0,998.0,3.29,0.54,9.7,1
8.4,1.035,0.15,6.0,73.0,11.0,54.0,999.0,3.37,0.49,9.9,1
7.0,0.78,0.08,2.0,93.0,10.0,19.0,9.956,3.4,0.47,10.0,4
7.4,0.49,0.19,3.0,77.0,16.0,37.0,9.966,3.37,0.51,10.5,4
7.8,545.0,0.12,2.5,68.0,11.0,35.0,996.0,3.34,0.61,11.6,1
9.7,0.31,0.47,1.6,62.0,13.0,33.0,9.983,3.27,0.66,10.0,4
10.6,1.025,0.43,2.8,0.08,21.0,84.0,9.985,3.06,0.57,10.1,4
8.9,565.0,0.34,3.0,93.0,16.0,112.0,9.998,3.38,0.61,9.5,0
8.7,0.69,0.0,3.2,84.0,13.0,33.0,9.992,3.36,0.45,9.4,4
8.0,0.43,0.36,2.3,75.0,10.0,48.0,9.976,3.34,0.46,9.4,4
9.9,0.74,0.28,2.6,78.0,21.0,77.0,998.0,3.28,0.51,9.8,1
7.2,0.49,0.18,2.7,69.0,13.0,34.0,9.967,3.29,0.48,9.2,4
8.0,0.43,0.36,2.3,75.0,10.0,48.0,9.976,3.34,0.46,9.4,4
7.6,0.46,0.11,2.6,79.0,12.0,49.0,9.968,3.21,0.57,10.0,4
8.4,0.56,0.04,2.0,82.0,10.0,22.0,9.976,3.22,0.44,9.6,4
7.1,0.66,0.0,3.9,86.0,17.0,45.0,9.976,3.46,0.54,9.5,4
8.4,0.56,0.04,2.0,82.0,10.0,22.0,9.976,3.22,0.44,9.6,4
8.9,0.48,0.24,2.85,94.0,35.0,106.0,9.982,3.1,0.53,9.2,4
7.6,0.42,0.08,2.7,84.0,15.0,48.0,9.968,3.21,0.59,10.0,4
7.1,0.31,0.3,2.2,53.0,36.0,127.0,9.965,2.94,1.62,9.5,4
7.5,1.115,0.1,3.1,86.0,5.0,12.0,9.958,3.54,0.6,11.2,4
9.0,0.66,0.17,3.0,77.0,5.0,13.0,9.976,3.29,0.55,10.4,4
8.1,0.72,0.09,2.8,84.0,18.0,49.0,9.994,3.43,0.72,11.1,4
6.4,0.57,0.02,1.8,67.0,4.0,11.0,997.0,3.46,0.68,9.5,1
6.4,0.57,0.02,1.8,67.0,4.0,11.0,997.0,3.46,0.68,9.5,1
6.4,865.0,0.03,3.2,71.0,27.0,58.0,995.0,3.61,0.49,12.7,1
9.5,0.55,0.66,2.3,387.0,12.0,37.0,9.982,3.17,0.67,9.6,3
8.9,875.0,0.13,3.45,88.0,4.0,14.0,9.994,3.44,0.52,11.5,2
7.3,835.0,0.03,2.1,92.0,10.0,19.0,9.966,3.39,0.47,9.6,2
7.0,0.45,0.34,2.7,82.0,16.0,72.0,998.0,3.55,0.6,9.5,1
7.7,0.56,0.2,2.0,75.0,9.0,39.0,9.987,3.48,0.62,9.3,4
7.7,965.0,0.1,2.1,112.0,11.0,22.0,9.963,3.26,0.5,9.5,2
7.7,965.0,0.1,2.1,112.0,11.0,22.0,9.963,3.26,0.5,9.5,2
8.2,0.59,0.0,2.5,93.0,19.0,58.0,1.2002,3.5,0.65,9.3,4
9.0,0.46,0.23,2.8,92.0,28.0,104.0,9.983,3.1,0.56,9.2,4
9.0,0.69,0.0,2.4,88.0,19.0,38.0,999.0,3.35,0.6,9.3,1
8.3,0.76,0.29,4.2,75.0,12.0,16.0,9.965,3.45,0.68,11.5,4
9.2,0.53,0.24,2.6,78.0,28.0,139.0,99.788,3.21,0.57,9.5,5
6.5,615.0,0.0,1.9,65.0,9.0,18.0,9.972,3.46,0.65,9.2,2
11.6,0.41,0.58,2.8,96.0,25.0,101.0,100.024,3.13,0.53,10.0,5
11.1,0.39,0.54,2.7,95.0,21.0,101.0,1.2001,3.13,0.51,9.5,4
7.3,0.51,0.18,2.1,0.07,12.0,28.0,99.768,3.52,0.73,9.5,5
8.2,0.34,0.38,2.5,0.08,12.0,57.0,9.978,3.3,0.47,9.0,4
8.6,0.33,0.4,2.6,83.0,16.0,68.0,99.782,3.3,0.48,9.4,5
7.2,0.5,0.18,2.1,71.0,12.0,31.0,99.761,3.52,0.72,9.6,5
7.3,0.51,0.18,2.1,0.07,12.0,28.0,99.768,3.52,0.73,9.5,5
8.3,0.65,0.1,2.9,89.0,17.0,40.0,99.803,3.29,0.55,9.5,5
8.3,0.65,0.1,2.9,89.0,17.0,40.0,99.803,3.29,0.55,9.5,5
7.6,0.54,0.13,2.5,97.0,24.0,66.0,99.785,3.39,0.61,9.4,5
8.3,0.65,0.1,2.9,89.0,17.0,40.0,99.803,3.29,0.55,9.5,5
7.8,0.48,0.68,1.7,415.0,14.0,32.0,99.656,3.09,1.06,9.1,3
7.8,0.91,0.07,1.9,58.0,22.0,47.0,99.525,3.51,0.43,10.7,5
6.3,0.98,0.01,2.0,57.0,15.0,33.0,99.488,3.6,0.46,11.2,5
8.1,0.87,0.0,2.2,84.0,10.0,31.0,99.656,3.25,0.5,9.8,5
8.1,0.87,0.0,2.2,84.0,10.0,31.0,99.656,3.25,0.5,9.8,5
8.8,0.42,0.21,2.5,92.0,33.0,88.0,99.823,3.19,0.52,9.2,5
9.0,0.58,0.25,2.8,75.0,9.0,104.0,99.779,3.23,0.57,9.7,5
9.3,655.0,0.26,2.0,96.0,5.0,35.0,99.738,3.25,0.42,9.6,2
8.8,0.7,0.0,1.7,69.0,8.0,19.0,99.701,3.31,0.53,10.0,5
9.3,655.0,0.26,2.0,96.0,5.0,35.0,99.738,3.25,0.42,9.6,2
9.1,0.68,0.11,2.8,93.0,11.0,44.0,99.888,3.31,0.55,9.5,5
9.2,0.67,0.1,3.0,91.0,12.0,48.0,99.888,3.31,0.54,9.5,5
8.8,0.59,0.18,2.9,89.0,12.0,74.0,99.738,3.14,0.54,9.4,5
7.5,0.6,0.32,2.7,103.0,13.0,98.0,99.938,3.45,0.62,9.5,5
7.1,0.59,0.02,2.3,82.0,24.0,94.0,99.744,3.55,0.53,9.7,5
7.9,0.72,0.01,1.9,76.0,7.0,32.0,99.668,3.39,0.54,9.6,5
7.1,0.59,0.02,2.3,82.0,24.0,94.0,99.744,3.55,0.53,9.7,5
9.4,685.0,0.26,2.4,82.0,23.0,143.0,9.978,3.28,0.55,9.4,2
9.5,0.57,0.27,2.3,82.0,23.0,144.0,99.782,3.27,0.55,9.4,5
7.9,0.4,0.29,1.8,157.0,1.0,44.0,9.973,3.3,0.92,9.5,4
7.9,0.4,0.3,1.8,157.0,2.0,45.0,99.727,3.31,0.91,9.5,5
7.2,1.0,0.0,3.0,102.0,7.0,16.0,99.586,3.43,0.46,10.0,5
6.9,765.0,0.18,2.4,243.0,5.5,48.0,99.612,3.4,0.6,10.3,2
6.9,635.0,0.17,2.4,241.0,6.0,18.0,9.961,3.4,0.59,10.3,2
8.3,0.43,0.3,3.4,79.0,7.0,34.0,99.788,3.36,0.61,10.5,5
7.1,0.52,0.03,2.6,76.0,21.0,92.0,99.745,3.5,0.6,9.8,5
7.0,0.57,0.0,2.0,0.19,12.0,45.0,99.676,3.31,0.6,9.4,5
6.5,0.46,0.14,2.4,114.0,9.0,37.0,99.732,3.66,0.65,9.8,5
9.0,0.82,0.05,2.4,81.0,26.0,96.0,99.814,3.36,0.53,10.0,5
6.5,0.46,0.14,2.4,114.0,9.0,37.0,99.732,3.66,0.65,9.8,5
7.1,0.59,0.01,2.5,77.0,20.0,85.0,99.746,3.55,0.59,9.8,5
9.9,0.35,0.41,2.3,83.0,11.0,61.0,9.982,3.21,0.5,9.5,4
9.9,0.35,0.41,2.3,83.0,11.0,61.0,9.982,3.21,0.5,9.5,4
10.0,0.56,0.24,2.2,79.0,19.0,58.0,9.991,3.18,0.56,10.1,4
10.0,0.56,0.24,2.2,79.0,19.0,58.0,9.991,3.18,0.56,10.1,4
8.6,0.63,0.17,2.9,99.0,21.0,119.0,998.0,3.09,0.52,9.3,1
7.4,0.37,0.43,2.6,82.0,18.0,82.0,99.708,3.33,0.68,9.7,5
8.8,0.64,0.17,2.9,84.0,25.0,130.0,99.818,3.23,0.54,9.6,5
7.1,0.61,0.02,2.5,81.0,17.0,87.0,99.745,3.48,0.6,9.7,5
7.7,0.6,0.0,2.6,55.0,7.0,13.0,99.639,3.38,0.56,10.8,5
10.1,0.27,0.54,2.3,65.0,7.0,26.0,99.531,3.17,0.53,12.5,5
10.8,0.89,0.3,2.6,132.0,7.0,60.0,99.786,2.99,1.18,10.2,5
8.7,0.46,0.31,2.5,126.0,24.0,64.0,99.746,3.1,0.74,9.6,5
9.3,0.37,0.44,1.6,38.0,21.0,42.0,99.526,3.24,0.81,10.8,5
9.4,0.5,0.34,3.6,82.0,5.0,14.0,9.987,3.29,0.52,10.7,4
9.4,0.5,0.34,3.6,82.0,5.0,14.0,9.987,3.29,0.52,10.7,4
7.2,0.61,0.08,4.0,82.0,26.0,108.0,99.641,3.25,0.51,9.4,5
8.6,0.55,0.09,3.3,68.0,8.0,17.0,99.735,3.23,0.44,10.0,5
5.1,585.0,0.0,1.7,44.0,14.0,86.0,99.264,3.56,0.94,12.9,0
7.7,0.56,0.08,2.5,114.0,14.0,46.0,9.971,3.24,0.66,9.6,4
8.4,0.52,0.22,2.7,84.0,4.0,18.0,99.682,3.26,0.57,9.9,5
8.2,0.28,0.4,2.4,52.0,4.0,10.0,99.356,3.33,0.7,12.8,5
8.4,0.25,0.39,2.0,41.0,4.0,10.0,99.386,3.27,0.71,12.5,5
8.2,0.28,0.4,2.4,52.0,4.0,10.0,99.356,3.33,0.7,12.8,5
7.4,0.53,0.12,1.9,165.0,4.0,12.0,99.702,3.26,0.86,9.2,5
7.6,0.48,0.31,2.8,0.07,4.0,15.0,99.693,3.22,0.55,10.3,5
7.3,0.49,0.1,2.6,68.0,4.0,14.0,99.562,3.3,0.47,10.5,5
12.9,0.5,0.55,2.8,72.0,7.0,24.0,100.012,3.09,0.68,10.9,5
10.8,0.45,0.33,2.5,99.0,20.0,38.0,99.818,3.24,0.71,10.8,5
6.9,0.39,0.24,2.1,102.0,4.0,7.0,99.462,3.44,0.58,11.4,5
12.6,0.41,0.54,2.8,103.0,19.0,41.0,99.939,3.21,0.76,11.3,5
10.8,0.45,0.33,2.5,99.0,20.0,38.0,99.818,3.24,0.71,10.8,5
9.8,0.51,0.19,3.2,81.0,8.0,30.0,9.984,3.23,0.58,10.5,4
10.8,0.29,0.42,1.6,84.0,19.0,27.0,99.545,3.28,0.73,11.9,5
7.1,715.0,0.0,2.35,71.0,21.0,47.0,99.632,3.29,0.45,9.4,2
9.1,0.66,0.15,3.2,97.0,9.0,59.0,99.976,3.28,0.54,9.6,5
7.0,685.0,0.0,1.9,99.0,9.0,22.0,99.606,3.34,0.6,9.7,2
4.9,0.42,0.0,2.1,48.0,16.0,42.0,99.154,3.71,0.74,14.0,5
6.7,0.54,0.13,2.0,76.0,15.0,36.0,9.973,3.61,0.64,9.8,4
6.7,0.54,0.13,2.0,76.0,15.0,36.0,9.973,3.61,0.64,9.8,4
7.1,0.48,0.28,2.8,68.0,6.0,16.0,99.682,3.24,0.53,10.3,5
7.1,0.46,0.14,2.8,76.0,15.0,37.0,99.624,3.36,0.49,10.7,5
7.5,0.27,0.34,2.3,0.05,4.0,8.0,9.951,3.4,0.64,11.0,4
7.1,0.46,0.14,2.8,76.0,15.0,37.0,99.624,3.36,0.49,10.7,5
7.8,0.57,0.09,2.3,65.0,34.0,45.0,99.417,3.46,0.74,12.7,5
5.9,0.61,0.08,2.1,71.0,16.0,24.0,99.376,3.56,0.77,11.1,5
7.5,685.0,0.07,2.5,58.0,5.0,9.0,99.632,3.38,0.55,10.9,2
5.9,0.61,0.08,2.1,71.0,16.0,24.0,99.376,3.56,0.77,11.1,5
10.4,0.44,0.42,1.5,145.0,34.0,48.0,99.832,3.38,0.86,9.9,5
11.6,0.47,0.44,1.6,147.0,36.0,51.0,99.836,3.38,0.86,9.9,5
8.8,685.0,0.26,1.6,88.0,16.0,23.0,99.694,3.32,0.47,9.4,2
7.6,665.0,0.1,1.5,66.0,27.0,55.0,99.655,3.39,0.51,9.3,2
6.7,0.28,0.28,2.4,12.0,36.0,100.0,99.064,3.26,0.39,11.7,5
6.7,0.28,0.28,2.4,12.0,36.0,100.0,99.064,3.26,0.39,11.7,5
10.1,0.31,0.35,1.6,75.0,9.0,28.0,99.672,3.24,0.83,11.2,5
6.0,0.5,0.04,2.2,92.0,13.0,26.0,99.647,3.46,0.47,10.0,5
11.1,0.42,0.47,2.65,85.0,9.0,34.0,99.736,3.24,0.77,12.1,5
6.6,0.66,0.0,3.0,115.0,21.0,31.0,99.629,3.45,0.63,10.3,5
10.6,0.5,0.45,2.6,119.0,34.0,68.0,99.708,3.23,0.72,10.9,5
7.1,685.0,0.35,2.0,88.0,9.0,92.0,9.963,3.28,0.62,9.4,2
9.9,0.25,0.46,1.7,62.0,26.0,42.0,9.959,3.18,0.83,10.6,4
6.4,0.64,0.21,1.8,81.0,14.0,31.0,99.689,3.59,0.66,9.8,5
6.4,0.64,0.21,1.8,81.0,14.0,31.0,99.689,3.59,0.66,9.8,5
7.4,0.68,0.16,1.8,78.0,12.0,39.0,9.977,3.5,0.7,9.9,4
6.4,0.64,0.21,1.8,81.0,14.0,31.0,99.689,3.59,0.66,9.8,5
6.4,0.63,0.21,1.6,0.08,12.0,32.0,99.689,3.58,0.66,9.8,5
9.3,0.43,0.44,1.9,85.0,9.0,22.0,99.708,3.28,0.55,9.5,5
9.3,0.43,0.44,1.9,85.0,9.0,22.0,99.708,3.28,0.55,9.5,5
8.0,0.42,0.32,2.5,0.08,26.0,122.0,99.801,3.22,1.07,9.7,5
9.3,0.36,0.39,1.5,0.08,41.0,55.0,99.652,3.47,0.73,10.9,5
9.3,0.36,0.39,1.5,0.08,41.0,55.0,99.652,3.47,0.73,10.9,5
7.6,735.0,0.02,2.5,71.0,10.0,14.0,99.538,3.51,0.71,11.7,2
9.3,0.36,0.39,1.5,0.08,41.0,55.0,99.652,3.47,0.73,10.9,5
8.2,0.26,0.34,2.5,73.0,16.0,47.0,99.594,3.4,0.78,11.3,5
11.7,0.28,0.47,1.7,54.0,17.0,32.0,99.686,3.15,0.67,10.6,5
6.8,0.56,0.22,1.8,74.0,15.0,24.0,99.438,3.4,0.82,11.2,5
7.2,0.62,0.06,2.7,77.0,15.0,85.0,99.746,3.51,0.54,9.5,5
5.8,1.01,0.66,2.0,39.0,15.0,88.0,99.357,3.66,0.6,11.5,5
7.5,0.42,0.32,2.7,67.0,7.0,25.0,99.628,3.24,0.44,10.4,5
7.2,0.62,0.06,2.5,78.0,17.0,84.0,99.746,3.51,0.53,9.7,5
7.2,0.62,0.06,2.7,77.0,15.0,85.0,99.746,3.51,0.54,9.5,5
7.2,635.0,0.07,2.6,77.0,16.0,86.0,99.748,3.51,0.54,9.7,2
6.8,0.49,0.22,2.3,71.0,13.0,24.0,99.438,3.41,0.83,11.3,5
6.9,0.51,0.23,2.0,72.0,13.0,22.0,99.438,3.4,0.84,11.2,5
6.8,0.56,0.22,1.8,74.0,15.0,24.0,99.438,3.4,0.82,11.2,5
7.6,0.63,0.03,2.0,0.08,27.0,43.0,99.578,3.44,0.64,10.9,5
7.7,715.0,0.01,2.1,64.0,31.0,43.0,99.371,3.41,0.57,11.8,2
6.9,0.56,0.03,1.5,86.0,36.0,46.0,99.522,3.53,0.57,10.6,5
7.3,0.35,0.24,2.0,67.0,28.0,48.0,99.576,3.43,0.54,10.0,5
9.1,0.21,0.37,1.6,67.0,6.0,10.0,99.552,3.23,0.58,11.1,5
10.4,0.38,0.46,2.1,104.0,6.0,10.0,99.664,3.12,0.65,11.8,5
8.8,0.31,0.4,2.8,109.0,7.0,16.0,99.614,3.31,0.79,11.8,5
7.1,0.47,0.0,2.2,67.0,7.0,14.0,99.517,3.4,0.58,10.9,5
7.7,715.0,0.01,2.1,64.0,31.0,43.0,99.371,3.41,0.57,11.8,2
8.8,0.61,0.19,4.0,94.0,30.0,69.0,99.787,3.22,0.5,10.0,5
7.2,0.6,0.04,2.5,76.0,18.0,88.0,99.745,3.53,0.55,9.5,5
9.2,0.56,0.18,1.6,78.0,10.0,21.0,99.576,3.15,0.49,9.9,5
7.6,715.0,0.0,2.1,68.0,30.0,35.0,99.533,3.48,0.65,11.4,2
8.4,0.31,0.29,3.1,194.0,14.0,26.0,99.536,3.22,0.78,12.0,5
7.2,0.6,0.04,2.5,76.0,18.0,88.0,99.745,3.53,0.55,9.5,5
8.8,0.61,0.19,4.0,94.0,30.0,69.0,99.787,3.22,0.5,10.0,5
8.9,0.75,0.14,2.5,86.0,9.0,30.0,99.824,3.34,0.64,10.5,5
9.0,0.8,0.12,2.4,83.0,8.0,28.0,99.836,3.33,0.65,10.4,5
10.7,0.52,0.38,2.6,66.0,29.0,56.0,99.577,3.15,0.79,12.1,5
6.8,0.57,0.0,2.5,72.0,32.0,64.0,99.491,3.43,0.56,11.2,5
10.7,0.9,0.34,6.6,112.0,23.0,99.0,100.289,3.22,0.68,9.3,5
7.2,0.34,0.24,2.0,71.0,30.0,52.0,99.576,3.44,0.58,10.1,5
7.2,0.66,0.03,2.3,78.0,16.0,86.0,99.743,3.53,0.57,9.7,5
10.1,0.45,0.23,1.9,82.0,10.0,18.0,99.774,3.22,0.65,9.3,5
7.2,0.66,0.03,2.3,78.0,16.0,86.0,99.743,3.53,0.57,9.7,5
7.2,0.63,0.03,2.2,0.08,17.0,88.0,99.745,3.53,0.58,9.8,5
7.1,0.59,0.01,2.3,0.08,27.0,43.0,9.955,3.42,0.58,10.7,4
8.3,0.31,0.39,2.4,78.0,17.0,43.0,99.444,3.31,0.77,12.5,5
7.1,0.59,0.01,2.3,0.08,27.0,43.0,9.955,3.42,0.58,10.7,4
8.3,0.31,0.39,2.4,78.0,17.0,43.0,99.444,3.31,0.77,12.5,5
8.3,1.02,0.02,3.4,84.0,6.0,11.0,99.892,3.48,0.49,11.0,5
8.9,0.31,0.36,2.6,56.0,10.0,39.0,99.562,3.4,0.69,11.8,5
7.4,635.0,0.1,2.4,0.08,16.0,33.0,99.736,3.58,0.69,10.8,2
7.4,635.0,0.1,2.4,0.08,16.0,33.0,99.736,3.58,0.69,10.8,2
6.8,0.59,0.06,6.0,0.06,11.0,18.0,9.962,3.41,0.59,10.8,4
6.8,0.59,0.06,6.0,0.06,11.0,18.0,9.962,3.41,0.59,10.8,4
9.2,0.58,0.2,3.0,81.0,15.0,115.0,998.0,3.23,0.59,9.5,1
7.2,0.54,0.27,2.6,84.0,12.0,78.0,9.964,3.39,0.71,11.0,4
6.1,0.56,0.0,2.2,79.0,6.0,9.0,9.948,3.59,0.54,11.5,4
7.4,0.52,0.13,2.4,78.0,34.0,61.0,99.528,3.43,0.59,10.8,5
7.3,305.0,0.39,1.2,59.0,7.0,11.0,99.331,3.29,0.52,11.5,0
9.3,0.38,0.48,3.8,132.0,3.0,11.0,99.577,3.23,0.57,13.2,5
9.1,0.28,0.46,9.0,114.0,3.0,9.0,99.901,3.18,0.6,10.9,5
10.0,0.46,0.44,2.9,65.0,4.0,8.0,99.674,3.33,0.62,12.2,5
9.4,395.0,0.46,4.6,94.0,3.0,10.0,99.639,3.27,0.64,12.2,0
7.3,305.0,0.39,1.2,59.0,7.0,11.0,99.331,3.29,0.52,11.5,0
8.6,315.0,0.4,2.2,79.0,3.0,6.0,99.512,3.27,0.67,11.9,0
5.3,715.0,0.19,1.5,161.0,7.0,62.0,99.395,3.62,0.61,11.0,2
6.8,0.41,0.31,8.8,84.0,26.0,45.0,99.824,3.38,0.64,10.1,5
8.4,0.36,0.32,2.2,81.0,32.0,79.0,9.964,3.3,0.72,11.0,4
8.4,0.62,0.12,1.8,72.0,38.0,46.0,99.504,3.38,0.89,11.8,5
9.6,0.41,0.37,2.3,91.0,10.0,23.0,99.786,3.24,0.56,10.5,5
8.4,0.36,0.32,2.2,81.0,32.0,79.0,9.964,3.3,0.72,11.0,4
8.4,0.62,0.12,1.8,72.0,38.0,46.0,99.504,3.38,0.89,11.8,5
6.8,0.41,0.31,8.8,84.0,26.0,45.0,99.824,3.38,0.64,10.1,5
8.6,0.47,0.27,2.3,55.0,14.0,28.0,99.516,3.18,0.8,11.2,5
8.6,0.22,0.36,1.9,64.0,53.0,77.0,99.604,3.47,0.87,11.0,5
9.4,0.24,0.33,2.3,61.0,52.0,73.0,99.786,3.47,0.9,10.2,5
8.4,0.67,0.19,2.2,93.0,11.0,75.0,99.736,3.2,0.59,9.2,5
8.6,0.47,0.27,2.3,55.0,14.0,28.0,99.516,3.18,0.8,11.2,5
8.7,0.33,0.38,3.3,63.0,10.0,19.0,99.468,3.3,0.73,12.0,5
6.6,0.61,0.01,1.9,0.08,8.0,25.0,99.746,3.69,0.73,10.5,5
7.4,0.61,0.01,2.0,74.0,13.0,38.0,99.748,3.48,0.65,9.8,5
7.6,0.4,0.29,1.9,78.0,29.0,66.0,9.971,3.45,0.59,9.5,4
7.4,0.61,0.01,2.0,74.0,13.0,38.0,99.748,3.48,0.65,9.8,5
6.6,0.61,0.01,1.9,0.08,8.0,25.0,99.746,3.69,0.73,10.5,5
8.8,0.3,0.38,2.3,0.06,19.0,72.0,99.543,3.39,0.72,11.8,5
8.8,0.3,0.38,2.3,0.06,19.0,72.0,99.543,3.39,0.72,11.8,5
12.0,0.63,0.5,1.4,71.0,6.0,26.0,99.791,3.07,0.6,10.4,5
7.2,0.38,0.38,2.8,68.0,23.0,42.0,99.356,3.34,0.72,12.9,5
6.2,0.46,0.17,1.6,73.0,7.0,11.0,99.425,3.61,0.54,11.4,5
9.6,0.33,0.52,2.2,74.0,13.0,25.0,99.509,3.36,0.76,12.4,5
9.9,0.27,0.49,5.0,82.0,9.0,17.0,99.484,3.19,0.52,12.5,5
10.1,0.43,0.4,2.6,92.0,13.0,52.0,99.834,3.22,0.64,10.0,5
9.8,0.5,0.34,2.3,94.0,10.0,45.0,99.864,3.24,0.6,9.7,5
8.3,0.3,0.49,3.8,0.09,11.0,24.0,99.498,3.27,0.64,12.1,5
10.2,0.44,0.42,2.0,71.0,7.0,20.0,99.566,3.14,0.79,11.1,5
10.2,0.44,0.58,4.1,92.0,11.0,24.0,99.745,3.29,0.99,12.0,5
8.3,0.28,0.48,2.1,93.0,6.0,12.0,99.408,3.26,0.62,12.4,5
8.9,0.12,0.45,1.8,75.0,10.0,21.0,99.552,3.41,0.76,11.9,5
8.9,0.12,0.45,1.8,75.0,10.0,21.0,99.552,3.41,0.76,11.9,5
8.9,0.12,0.45,1.8,75.0,10.0,21.0,99.552,3.41,0.76,11.9,5
8.3,0.28,0.48,2.1,93.0,6.0,12.0,99.408,3.26,0.62,12.4,5
8.2,0.31,0.4,2.2,58.0,6.0,10.0,99.536,3.31,0.68,11.2,5
10.2,0.34,0.48,2.1,52.0,5.0,9.0,99.458,3.2,0.69,12.1,5
7.6,0.43,0.4,2.7,82.0,6.0,11.0,99.538,3.44,0.54,12.2,5
8.5,0.21,0.52,1.9,0.09,9.0,23.0,99.648,3.36,0.67,10.4,5
9.0,0.36,0.52,2.1,111.0,5.0,10.0,99.568,3.31,0.62,11.3,5
9.5,0.37,0.52,2.0,88.0,12.0,51.0,99.613,3.29,0.58,11.1,5
6.4,0.57,0.12,2.3,0.12,25.0,36.0,99.519,3.47,0.71,11.3,5
8.0,0.59,0.05,2.0,89.0,12.0,32.0,99.735,3.36,0.61,10.0,5
8.5,0.47,0.27,1.9,58.0,18.0,38.0,99.518,3.16,0.85,11.1,5
7.1,0.56,0.14,1.6,78.0,7.0,18.0,99.592,3.27,0.62,9.3,5
6.6,0.57,0.02,2.1,115.0,6.0,16.0,99.654,3.38,0.69,9.5,5
8.8,0.27,0.39,2.0,0.1,20.0,27.0,99.546,3.15,0.69,11.2,5
8.5,0.47,0.27,1.9,58.0,18.0,38.0,99.518,3.16,0.85,11.1,5
8.3,0.34,0.4,2.4,65.0,24.0,48.0,99.554,3.34,0.86,11.0,5
9.0,0.38,0.41,2.4,103.0,6.0,10.0,99.604,3.13,0.58,11.9,5
8.5,0.66,0.2,2.1,97.0,23.0,113.0,99.733,3.13,0.48,9.2,5
9.0,0.4,0.43,2.4,68.0,29.0,46.0,9.943,3.2,0.6,12.2,4
6.7,0.56,0.09,2.9,79.0,7.0,22.0,99.669,3.46,0.61,10.2,5
10.4,0.26,0.48,1.9,66.0,6.0,10.0,99.724,3.33,0.87,10.9,5
10.4,0.26,0.48,1.9,66.0,6.0,10.0,99.724,3.33,0.87,10.9,5
10.1,0.38,0.5,2.4,104.0,6.0,13.0,99.643,3.22,0.65,11.6,5
8.5,0.34,0.44,1.7,79.0,6.0,12.0,99.605,3.52,0.63,10.7,5
8.8,0.33,0.41,5.9,73.0,7.0,13.0,99.658,3.3,0.62,12.1,5
7.2,0.41,0.3,2.1,83.0,35.0,72.0,997.0,3.44,0.52,9.4,1
7.2,0.41,0.3,2.1,83.0,35.0,72.0,997.0,3.44,0.52,9.4,1
8.4,0.59,0.29,2.6,109.0,31.0,119.0,99.801,3.15,0.5,9.1,5
7.0,0.4,0.32,3.6,61.0,9.0,29.0,99.416,3.28,0.49,11.3,5
12.2,0.45,0.49,1.4,75.0,3.0,6.0,9.969,3.13,0.63,10.4,4
9.1,0.5,0.3,1.9,65.0,8.0,17.0,99.774,3.32,0.71,10.5,5
9.5,0.86,0.26,1.9,79.0,13.0,28.0,99.712,3.25,0.62,10.0,5
7.3,0.52,0.32,2.1,0.07,51.0,70.0,99.418,3.34,0.82,12.9,5
9.1,0.5,0.3,1.9,65.0,8.0,17.0,99.774,3.32,0.71,10.5,5
12.2,0.45,0.49,1.4,75.0,3.0,6.0,9.969,3.13,0.63,10.4,4
7.4,0.58,0.0,2.0,64.0,7.0,11.0,99.562,3.45,0.58,11.3,5
9.8,0.34,0.39,1.4,66.0,3.0,7.0,9.947,3.19,0.55,11.4,4
7.1,0.36,0.3,1.6,0.08,35.0,70.0,99.693,3.44,0.5,9.4,5
7.7,0.39,0.12,1.7,97.0,19.0,27.0,99.596,3.16,0.49,9.4,5
9.7,295.0,0.4,1.5,73.0,14.0,21.0,99.556,3.14,0.51,10.9,0
7.7,0.39,0.12,1.7,97.0,19.0,27.0,99.596,3.16,0.49,9.4,5
7.1,0.34,0.28,2.0,82.0,31.0,68.0,99.694,3.45,0.48,9.4,5
6.5,0.4,0.1,2.0,76.0,30.0,47.0,99.554,3.36,0.48,9.4,5
7.1,0.34,0.28,2.0,82.0,31.0,68.0,99.694,3.45,0.48,9.4,5
10.0,0.35,0.45,2.5,92.0,20.0,88.0,99.918,3.15,0.43,9.4,5
7.7,0.6,0.06,2.0,79.0,19.0,41.0,99.697,3.39,0.62,10.1,5
5.6,0.66,0.0,2.2,87.0,3.0,11.0,99.378,3.71,0.63,12.8,5
5.6,0.66,0.0,2.2,87.0,3.0,11.0,99.378,3.71,0.63,12.8,5
8.9,0.84,0.34,1.4,0.05,4.0,10.0,99.554,3.12,0.48,9.1,5
6.4,0.69,0.0,1.65,55.0,7.0,12.0,99.162,3.47,0.53,12.9,5
7.5,0.43,0.3,2.2,62.0,6.0,12.0,99.495,3.44,0.72,11.5,5
9.9,0.35,0.38,1.5,58.0,31.0,47.0,99.676,3.26,0.82,10.6,5
9.1,0.29,0.33,2.05,63.0,13.0,27.0,99.516,3.26,0.84,11.7,5
6.8,0.36,0.32,1.8,67.0,4.0,8.0,9.928,3.36,0.55,12.8,4
8.2,0.43,0.29,1.6,81.0,27.0,45.0,99.603,3.25,0.54,10.3,5
6.8,0.36,0.32,1.8,67.0,4.0,8.0,9.928,3.36,0.55,12.8,4
9.1,0.29,0.33,2.05,63.0,13.0,27.0,99.516,3.26,0.84,11.7,5
9.1,0.3,0.34,2.0,64.0,12.0,25.0,99.516,3.26,0.84,11.7,5
8.9,0.35,0.4,3.6,0.11,12.0,24.0,99.549,3.23,0.7,12.0,5
9.6,0.5,0.36,2.8,116.0,26.0,55.0,99.722,3.18,0.68,10.9,5
8.9,0.28,0.45,1.7,67.0,7.0,12.0,99.354,3.25,0.55,12.3,5
8.9,0.32,0.31,2.0,88.0,12.0,19.0,9.957,3.17,0.55,10.4,4
7.7,1.005,0.15,2.1,102.0,11.0,32.0,99.604,3.23,0.48,10.0,5
7.5,0.71,0.0,1.6,92.0,22.0,31.0,99.635,3.38,0.58,10.0,5
8.0,0.58,0.16,2.0,0.12,3.0,7.0,99.454,3.22,0.58,11.2,5
10.5,0.39,0.46,2.2,75.0,14.0,27.0,99.598,3.06,0.84,11.4,5
8.9,0.38,0.4,2.2,68.0,12.0,28.0,99.486,3.27,0.75,12.6,5
8.0,0.18,0.37,0.9,49.0,36.0,109.0,99.007,2.89,0.44,12.7,5
8.0,0.18,0.37,0.9,49.0,36.0,109.0,99.007,2.89,0.44,12.7,5
7.0,0.5,0.14,1.8,78.0,10.0,23.0,99.636,3.53,0.61,10.4,5
11.3,0.36,0.66,2.4,123.0,3.0,8.0,99.642,3.2,0.53,11.9,5
11.3,0.36,0.66,2.4,123.0,3.0,8.0,99.642,3.2,0.53,11.9,5
7.0,0.51,0.09,2.1,62.0,4.0,9.0,99.584,3.35,0.54,10.5,5
8.2,0.32,0.42,2.3,98.0,3.0,9.0,99.506,3.27,0.55,12.3,5
7.7,0.58,0.01,1.8,88.0,12.0,18.0,99.568,3.32,0.56,10.5,5
8.6,0.83,0.0,2.8,95.0,17.0,43.0,99.822,3.33,0.6,10.4,5
7.9,0.31,0.32,1.9,66.0,14.0,36.0,99.364,3.41,0.56,12.6,5
6.4,795.0,0.0,2.2,65.0,28.0,52.0,99.378,3.49,0.52,11.6,2
7.2,0.34,0.21,2.5,75.0,41.0,68.0,99.586,3.37,0.54,10.1,5
7.7,0.58,0.01,1.8,88.0,12.0,18.0,99.568,3.32,0.56,10.5,5
7.1,0.59,0.0,2.1,91.0,9.0,14.0,99.488,3.42,0.55,11.5,5
7.3,0.55,0.01,1.8,93.0,9.0,15.0,99.514,3.35,0.58,11.0,5
8.1,0.82,0.0,4.1,95.0,5.0,14.0,99.854,3.36,0.53,9.6,5
7.5,0.57,0.08,2.6,89.0,14.0,27.0,99.592,3.3,0.59,10.4,5
8.9,745.0,0.18,2.5,77.0,15.0,48.0,99.739,3.2,0.47,9.7,2
10.1,0.37,0.34,2.4,85.0,5.0,17.0,99.683,3.17,0.65,10.6,5
7.6,0.31,0.34,2.5,82.0,26.0,35.0,99.356,3.22,0.59,12.5,5
7.3,0.91,0.1,1.8,74.0,20.0,56.0,99.672,3.35,0.56,9.2,5
8.7,0.41,0.41,6.2,78.0,25.0,42.0,9.953,3.24,0.77,12.6,4
8.9,0.5,0.21,2.2,88.0,21.0,39.0,99.692,3.33,0.83,11.1,5
7.4,965.0,0.0,2.2,88.0,16.0,32.0,99.756,3.58,0.67,10.2,2
6.9,0.49,0.19,1.7,79.0,13.0,26.0,99.547,3.38,0.64,9.8,5
8.9,0.5,0.21,2.2,88.0,21.0,39.0,99.692,3.33,0.83,11.1,5
9.5,0.39,0.41,8.9,69.0,18.0,39.0,99.859,3.29,0.81,10.9,5
6.4,0.39,0.33,3.3,46.0,12.0,53.0,99.294,3.36,0.62,12.2,5
6.9,0.44,0.0,1.4,0.07,32.0,38.0,99.438,3.32,0.58,11.4,5
7.6,0.78,0.0,1.7,76.0,33.0,45.0,99.612,3.31,0.62,10.7,5
7.1,0.43,0.17,1.8,82.0,27.0,51.0,99.634,3.49,0.64,10.4,5
9.3,0.49,0.36,1.7,81.0,3.0,14.0,99.702,3.27,0.78,10.9,5
9.3,0.5,0.36,1.8,84.0,6.0,17.0,99.704,3.27,0.77,10.8,5
7.1,0.43,0.17,1.8,82.0,27.0,51.0,99.634,3.49,0.64,10.4,5
8.5,0.46,0.59,1.4,414.0,16.0,45.0,99.702,3.03,1.34,9.2,3
5.6,605.0,0.05,2.4,73.0,19.0,25.0,99.258,3.56,0.55,12.9,2
8.3,0.33,0.42,2.3,0.07,9.0,20.0,99.426,3.38,0.77,12.7,5
8.2,0.64,0.27,2.0,95.0,5.0,77.0,99.747,3.13,0.62,9.1,5
8.2,0.64,0.27,2.0,95.0,5.0,77.0,99.747,3.13,0.62,9.1,5
8.9,0.48,0.53,4.0,101.0,3.0,10.0,99.586,3.21,0.59,12.1,5
7.6,0.42,0.25,3.9,104.0,28.0,90.0,99.784,3.15,0.57,9.1,5
9.9,0.53,0.57,2.4,93.0,30.0,52.0,9.971,3.19,0.76,11.6,4
8.9,0.48,0.53,4.0,101.0,3.0,10.0,99.586,3.21,0.59,12.1,5
11.6,0.23,0.57,1.8,74.0,3.0,8.0,9.981,3.14,0.7,9.9,4
9.1,0.4,0.5,1.8,71.0,7.0,16.0,99.462,3.21,0.69,12.5,5
8.0,0.38,0.44,1.9,98.0,6.0,15.0,9.956,3.3,0.64,11.4,4
10.2,0.29,0.65,2.4,75.0,6.0,17.0,99.565,3.22,0.63,11.8,5
8.2,0.74,0.09,2.0,67.0,5.0,10.0,99.418,3.28,0.57,11.8,5
7.7,0.61,0.18,2.4,83.0,6.0,20.0,9.963,3.29,0.6,10.2,4
6.6,0.52,0.08,2.4,0.07,13.0,26.0,99.358,3.4,0.72,12.5,5
11.1,0.31,0.53,2.2,0.06,3.0,10.0,99.572,3.02,0.83,10.9,5
11.1,0.31,0.53,2.2,0.06,3.0,10.0,99.572,3.02,0.83,10.9,5
8.0,0.62,0.35,2.8,86.0,28.0,52.0,997.0,3.31,0.62,10.8,1
9.3,0.33,0.45,1.5,57.0,19.0,37.0,99.498,3.18,0.89,11.1,5
7.5,0.77,0.2,8.1,98.0,30.0,92.0,99.892,3.2,0.58,9.2,5
7.2,0.35,0.26,1.8,83.0,33.0,75.0,9.968,3.4,0.58,9.5,4
8.0,0.62,0.33,2.7,88.0,16.0,37.0,9.972,3.31,0.58,10.7,4
7.5,0.77,0.2,8.1,98.0,30.0,92.0,99.892,3.2,0.58,9.2,5
9.1,0.25,0.34,2.0,71.0,45.0,67.0,99.769,3.44,0.86,10.2,5
9.9,0.32,0.56,2.0,73.0,3.0,8.0,99.534,3.15,0.73,11.4,5
8.6,0.37,0.65,6.4,0.08,3.0,8.0,99.817,3.27,0.58,11.0,5
8.6,0.37,0.65,6.4,0.08,3.0,8.0,99.817,3.27,0.58,11.0,5
7.9,0.3,0.68,8.3,0.05,37.5,278.0,99.316,3.01,0.51,12.3,5
10.3,0.27,0.56,1.4,47.0,3.0,8.0,99.471,3.16,0.51,11.8,5
7.9,0.3,0.68,8.3,0.05,37.5,289.0,99.316,3.01,0.51,12.3,5
7.2,0.38,0.3,1.8,73.0,31.0,70.0,99.685,3.42,0.59,9.5,5
8.7,0.42,0.45,2.4,72.0,32.0,59.0,99.617,3.33,0.77,12.0,5
7.2,0.38,0.3,1.8,73.0,31.0,70.0,99.685,3.42,0.59,9.5,5
6.8,0.48,0.08,1.8,74.0,40.0,64.0,99.529,3.12,0.49,9.6,5
8.5,0.34,0.4,4.7,55.0,3.0,9.0,99.738,3.38,0.66,11.6,5
7.9,0.19,0.42,1.6,57.0,18.0,30.0,994.0,3.29,0.69,11.2,1
11.6,0.41,0.54,1.5,95.0,22.0,41.0,99.735,3.02,0.76,9.9,5
11.6,0.41,0.54,1.5,95.0,22.0,41.0,99.735,3.02,0.76,9.9,5
10.0,0.26,0.54,1.9,83.0,42.0,74.0,99.451,2.98,0.63,11.8,5
7.9,0.34,0.42,2.0,86.0,8.0,19.0,99.546,3.35,0.6,11.4,5
7.0,0.54,0.09,2.0,81.0,10.0,16.0,99.479,3.43,0.59,11.5,5
9.2,0.31,0.36,2.2,79.0,11.0,31.0,99.615,3.33,0.86,12.0,5
6.6,725.0,0.09,5.5,117.0,9.0,17.0,99.655,3.35,0.49,10.8,2
9.4,0.4,0.47,2.5,87.0,6.0,20.0,99.772,3.15,0.5,10.5,5
6.6,725.0,0.09,5.5,117.0,9.0,17.0,99.655,3.35,0.49,10.8,2
8.6,0.52,0.38,1.5,96.0,5.0,18.0,99.666,3.2,0.52,9.4,5
8.0,0.31,0.45,2.1,216.0,5.0,16.0,99.358,3.15,0.81,12.5,3
8.6,0.52,0.38,1.5,96.0,5.0,18.0,99.666,3.2,0.52,9.4,5
8.4,0.34,0.42,2.1,72.0,23.0,36.0,99.392,3.11,0.78,12.4,5
7.4,0.49,0.27,2.1,71.0,14.0,25.0,99.388,3.35,0.63,12.0,5
6.1,0.48,0.09,1.7,78.0,18.0,30.0,99.402,3.45,0.54,11.2,5
7.4,0.49,0.27,2.1,71.0,14.0,25.0,99.388,3.35,0.63,12.0,5
8.0,0.48,0.34,2.2,73.0,16.0,25.0,9.936,3.28,0.66,12.4,4
6.3,0.57,0.28,2.1,48.0,13.0,49.0,99.374,3.41,0.6,12.8,5
8.2,0.23,0.42,1.9,69.0,9.0,17.0,99.376,3.21,0.54,12.3,5
9.1,0.3,0.41,2.0,68.0,10.0,24.0,99.523,3.27,0.85,11.7,5
8.1,0.78,0.1,3.3,0.09,4.0,13.0,99.855,3.36,0.49,9.5,5
10.8,0.47,0.43,2.1,171.0,27.0,66.0,9.982,3.17,0.76,10.8,4
8.3,0.53,0.0,1.4,0.07,6.0,14.0,99.593,3.25,0.64,10.0,5
5.4,0.42,0.27,2.0,92.0,23.0,55.0,99.471,3.78,0.64,12.3,5
7.9,0.33,0.41,1.5,56.0,6.0,35.0,99.396,3.29,0.71,11.0,5
8.9,0.24,0.39,1.6,74.0,3.0,10.0,99.698,3.12,0.59,9.5,5
5.0,0.4,0.5,4.3,46.0,29.0,80.0,9.902,3.49,0.66,13.6,4
7.0,0.69,0.07,2.5,91.0,15.0,21.0,99.572,3.38,0.6,11.3,5
7.0,0.69,0.07,2.5,91.0,15.0,21.0,99.572,3.38,0.6,11.3,5
7.0,0.69,0.07,2.5,91.0,15.0,21.0,99.572,3.38,0.6,11.3,5
7.1,0.39,0.12,2.1,65.0,14.0,24.0,99.252,3.3,0.53,13.3,5
5.6,0.66,0.0,2.5,66.0,7.0,15.0,99.256,3.52,0.58,12.9,5
7.9,0.54,0.34,2.5,76.0,8.0,17.0,99.235,3.2,0.72,13.1,5
6.6,0.5,0.0,1.8,62.0,21.0,28.0,99.352,3.44,0.55,12.3,5
6.3,0.47,0.0,1.4,55.0,27.0,33.0,9.922,3.45,0.48,12.3,4
10.7,0.4,0.37,1.9,81.0,17.0,29.0,99.674,3.12,0.65,11.2,5
6.5,0.58,0.0,2.2,96.0,3.0,13.0,99.557,3.62,0.62,11.5,5
8.8,0.24,0.35,1.7,55.0,13.0,27.0,99.394,3.14,0.59,11.3,5
5.8,0.29,0.26,1.7,63.0,3.0,11.0,9.915,3.39,0.54,13.5,4
6.3,0.76,0.0,2.9,72.0,26.0,52.0,99.379,3.51,0.6,11.5,5
10.0,0.43,0.33,2.7,95.0,28.0,89.0,9.984,3.22,0.68,10.0,4
10.5,0.43,0.35,3.3,92.0,24.0,70.0,99.798,3.21,0.69,10.5,5
9.1,0.6,0.0,1.9,58.0,5.0,10.0,9.977,3.18,0.63,10.4,4
5.9,0.19,0.21,1.7,45.0,57.0,135.0,99.341,3.32,0.44,9.5,5
7.4,0.36,0.34,1.8,75.0,18.0,38.0,9.933,3.38,0.88,13.6,4
7.2,0.48,0.07,5.5,89.0,10.0,18.0,99.684,3.37,0.68,11.2,5
8.5,0.28,0.35,1.7,61.0,6.0,15.0,99.524,3.3,0.74,11.8,5
8.0,0.25,0.43,1.7,67.0,22.0,50.0,9.946,3.38,0.6,11.9,4
10.4,0.52,0.45,2.0,0.08,6.0,13.0,99.774,3.22,0.76,11.4,5
10.4,0.52,0.45,2.0,0.08,6.0,13.0,99.774,3.22,0.76,11.4,5
7.5,0.41,0.15,3.7,104.0,29.0,94.0,99.786,3.14,0.58,9.1,5
8.2,0.51,0.24,2.0,79.0,16.0,86.0,99.764,3.34,0.64,9.5,5
7.3,0.4,0.3,1.7,0.08,33.0,79.0,9.969,3.41,0.65,9.5,4
8.2,0.38,0.32,2.5,0.08,24.0,71.0,99.624,3.27,0.85,11.0,5
6.9,0.45,0.11,2.4,43.0,6.0,12.0,99.354,3.3,0.65,11.4,5
7.0,0.22,0.3,1.8,65.0,16.0,20.0,99.672,3.61,0.82,10.0,5
7.3,0.32,0.23,2.3,66.0,35.0,70.0,99.588,3.43,0.62,10.1,5
8.2,0.2,0.43,2.5,76.0,31.0,51.0,99.672,3.53,0.81,10.4,5
7.8,0.5,0.12,1.8,178.0,6.0,21.0,996.0,3.28,0.87,9.8,1
10.0,0.41,0.45,6.2,71.0,6.0,14.0,99.702,3.21,0.49,11.8,5
7.8,0.39,0.42,2.0,86.0,9.0,21.0,99.526,3.39,0.66,11.6,5
10.0,0.35,0.47,2.0,61.0,6.0,11.0,99.585,3.23,0.52,12.0,5
8.2,0.33,0.32,2.8,67.0,4.0,12.0,99.473,3.3,0.76,12.8,5
6.1,0.58,0.23,2.5,44.0,16.0,70.0,99.352,3.46,0.65,12.5,5
8.3,0.6,0.25,2.2,118.0,9.0,38.0,99.616,3.15,0.53,9.8,5
9.6,0.42,0.35,2.1,83.0,17.0,38.0,99.622,3.23,0.66,11.1,5
6.6,0.58,0.0,2.2,0.1,50.0,63.0,99.544,3.59,0.68,11.4,5
8.3,0.6,0.25,2.2,118.0,9.0,38.0,99.616,3.15,0.53,9.8,5
8.5,0.18,0.51,1.75,71.0,45.0,88.0,99.524,3.33,0.76,11.8,5
5.1,0.51,0.18,2.1,42.0,16.0,101.0,9.924,3.46,0.87,12.9,4
6.7,0.41,0.43,2.8,76.0,22.0,54.0,99.572,3.42,1.16,10.6,5
10.2,0.41,0.43,2.2,0.11,11.0,37.0,99.728,3.16,0.67,10.8,5
10.6,0.36,0.57,2.3,87.0,6.0,20.0,99.676,3.14,0.72,11.1,5
8.8,0.45,0.43,1.4,76.0,12.0,21.0,99.551,3.21,0.75,10.2,5
8.5,0.32,0.42,2.3,75.0,12.0,19.0,99.434,3.14,0.71,11.8,5
9.0,785.0,0.24,1.7,78.0,10.0,21.0,99.692,3.29,0.67,10.0,2
9.0,785.0,0.24,1.7,78.0,10.0,21.0,99.692,3.29,0.67,10.0,2
8.5,0.44,0.5,1.9,369.0,15.0,38.0,99.634,3.01,1.1,9.4,3
9.9,0.54,0.26,2.0,111.0,7.0,60.0,99.709,2.94,0.98,10.2,5
8.2,0.33,0.39,2.5,74.0,29.0,48.0,99.528,3.32,0.88,12.4,5
6.5,0.34,0.27,2.8,67.0,8.0,44.0,99.384,3.21,0.56,12.0,5
7.6,0.5,0.29,2.3,86.0,5.0,14.0,99.502,3.32,0.62,11.5,5
9.2,0.36,0.34,1.6,62.0,5.0,12.0,99.667,3.2,0.67,10.5,5
7.1,0.59,0.0,2.2,78.0,26.0,44.0,99.522,3.42,0.68,10.8,5
9.7,0.42,0.46,2.1,74.0,5.0,16.0,99.649,3.27,0.74,12.3,5
7.6,0.36,0.31,1.7,79.0,26.0,65.0,99.716,3.46,0.62,9.5,5
7.6,0.36,0.31,1.7,79.0,26.0,65.0,99.716,3.46,0.62,9.5,5
6.5,0.61,0.0,2.2,95.0,48.0,59.0,99.541,3.61,0.7,11.5,5
6.5,0.88,0.03,5.6,79.0,23.0,47.0,99.572,3.58,0.5,11.2,5
7.1,0.66,0.0,2.4,52.0,6.0,11.0,99.318,3.35,0.66,12.7,5
5.6,915.0,0.0,2.1,41.0,17.0,78.0,99.346,3.68,0.73,11.4,2
8.2,0.35,0.33,2.4,76.0,11.0,47.0,99.599,3.27,0.81,11.0,5
8.2,0.35,0.33,2.4,76.0,11.0,47.0,99.599,3.27,0.81,11.0,5
9.8,0.39,0.43,1.65,68.0,5.0,11.0,99.478,3.19,0.46,11.4,5
10.2,0.4,0.4,2.5,68.0,41.0,54.0,99.754,3.38,0.86,10.5,5
6.8,0.66,0.07,1.6,0.07,16.0,61.0,99.572,3.29,0.6,9.3,5
6.7,0.64,0.23,2.1,0.08,11.0,119.0,99.538,3.36,0.7,10.9,5
7.0,0.43,0.3,2.0,85.0,6.0,39.0,99.346,3.33,0.46,11.9,5
6.6,0.8,0.03,7.8,79.0,6.0,12.0,9.963,3.52,0.5,12.2,4
7.0,0.43,0.3,2.0,85.0,6.0,39.0,99.346,3.33,0.46,11.9,5
6.7,0.64,0.23,2.1,0.08,11.0,119.0,99.538,3.36,0.7,10.9,5
8.8,955.0,0.05,1.8,75.0,5.0,19.0,99.616,3.3,0.44,9.6,2
9.1,0.4,0.57,4.6,0.08,6.0,20.0,99.652,3.28,0.57,12.5,5
6.5,885.0,0.0,2.3,166.0,6.0,12.0,99.551,3.56,0.51,10.8,2
7.2,0.25,0.37,2.5,63.0,11.0,41.0,99.439,3.52,0.8,12.4,5
6.4,885.0,0.0,2.3,166.0,6.0,12.0,99.551,3.56,0.51,10.8,2
7.0,745.0,0.12,1.8,114.0,15.0,64.0,99.588,3.22,0.59,9.5,2
6.2,0.43,0.22,1.8,78.0,21.0,56.0,99.633,3.52,0.6,9.5,5
7.9,0.58,0.23,2.3,76.0,23.0,94.0,99.686,3.21,0.58,9.5,5
7.7,0.57,0.21,1.5,69.0,4.0,9.0,99.458,3.16,0.54,9.8,5
7.7,0.26,0.26,2.0,52.0,19.0,77.0,9.951,3.15,0.79,10.9,4
7.9,0.58,0.23,2.3,76.0,23.0,94.0,99.686,3.21,0.58,9.5,5
7.7,0.57,0.21,1.5,69.0,4.0,9.0,99.458,3.16,0.54,9.8,5
7.9,0.34,0.36,1.9,65.0,5.0,10.0,99.419,3.27,0.54,11.2,5
8.6,0.42,0.39,1.8,68.0,6.0,12.0,99.516,3.35,0.69,11.7,5
9.9,0.74,0.19,5.8,111.0,33.0,76.0,99.878,3.14,0.55,9.4,5
7.2,0.36,0.46,2.1,74.0,24.0,44.0,99.534,3.4,0.85,11.0,5
7.2,0.36,0.46,2.1,74.0,24.0,44.0,99.534,3.4,0.85,11.0,5
7.2,0.36,0.46,2.1,74.0,24.0,44.0,99.534,3.4,0.85,11.0,5
9.9,0.72,0.55,1.7,136.0,24.0,52.0,99.752,3.35,0.94,10.0,5
7.2,0.36,0.46,2.1,74.0,24.0,44.0,99.534,3.4,0.85,11.0,5
6.2,0.39,0.43,2.0,71.0,14.0,24.0,99.428,3.45,0.87,11.2,5
6.8,0.65,0.02,2.1,78.0,8.0,15.0,99.498,3.35,0.62,10.4,5
6.6,0.44,0.15,2.1,76.0,22.0,53.0,9.957,3.32,0.62,9.3,4
6.8,0.65,0.02,2.1,78.0,8.0,15.0,99.498,3.35,0.62,10.4,5
9.6,0.38,0.42,1.9,71.0,5.0,13.0,99.659,3.15,0.75,10.5,5
10.2,0.33,0.46,1.9,81.0,6.0,9.0,99.628,3.1,0.48,10.4,5
8.8,0.27,0.46,2.1,95.0,20.0,29.0,99.488,3.26,0.56,11.3,5
7.9,0.57,0.31,2.0,79.0,10.0,79.0,99.677,3.29,0.69,9.5,5
8.2,0.34,0.37,1.9,57.0,43.0,74.0,99.408,3.23,0.81,12.0,5
8.2,0.4,0.31,1.9,82.0,8.0,24.0,996.0,3.24,0.69,10.6,1
9.0,0.39,0.4,1.3,44.0,25.0,50.0,99.478,3.2,0.83,10.9,5
10.9,0.32,0.52,1.8,132.0,17.0,44.0,99.734,3.28,0.77,11.5,5
10.9,0.32,0.52,1.8,132.0,17.0,44.0,99.734,3.28,0.77,11.5,5
8.1,0.53,0.22,2.2,78.0,33.0,89.0,99.678,3.26,0.46,9.6,5
10.5,0.36,0.47,2.2,74.0,9.0,23.0,99.638,3.23,0.76,12.0,5
12.6,0.39,0.49,2.5,0.08,8.0,20.0,9.992,3.07,0.82,10.3,4
9.2,0.46,0.23,2.6,91.0,18.0,77.0,99.922,3.15,0.51,9.4,5
7.5,0.58,0.03,4.1,0.08,27.0,46.0,99.592,3.02,0.47,9.2,5
9.0,0.58,0.25,2.0,104.0,8.0,21.0,99.769,3.27,0.72,9.6,5
5.1,0.42,0.0,1.8,44.0,18.0,88.0,99.157,3.68,0.73,13.6,5
7.6,0.43,0.29,2.1,75.0,19.0,66.0,99.718,3.4,0.64,9.5,5
7.7,0.18,0.34,2.7,66.0,15.0,58.0,9.947,3.37,0.78,11.8,4
7.8,815.0,0.01,2.6,74.0,48.0,90.0,99.621,3.38,0.62,10.8,2
7.6,0.43,0.29,2.1,75.0,19.0,66.0,99.718,3.4,0.64,9.5,5
10.2,0.23,0.37,2.2,57.0,14.0,36.0,99.614,3.23,0.49,9.3,5
7.1,0.75,0.01,2.2,59.0,11.0,18.0,99.242,3.39,0.4,12.8,5
6.0,0.33,0.32,12.9,54.0,6.0,113.0,99.572,3.3,0.56,11.5,5
7.8,0.55,0.0,1.7,0.07,7.0,17.0,99.659,3.26,0.64,9.4,5
7.1,0.75,0.01,2.2,59.0,11.0,18.0,99.242,3.39,0.4,12.8,5
8.1,0.73,0.0,2.5,81.0,12.0,24.0,99.798,3.38,0.46,9.6,5
6.5,0.67,0.0,4.3,57.0,11.0,20.0,99.488,3.45,0.56,11.8,5
7.5,0.61,0.2,1.7,76.0,36.0,60.0,99.494,3.1,0.4,9.3,5
9.8,0.37,0.39,2.5,79.0,28.0,65.0,99.729,3.16,0.59,9.8,5
9.0,0.4,0.41,2.0,58.0,15.0,40.0,99.414,3.22,0.6,12.2,5
8.3,0.56,0.22,2.4,82.0,10.0,86.0,9.983,3.37,0.62,9.5,4
5.9,0.29,0.25,13.4,67.0,72.0,160.0,99.721,3.33,0.54,10.3,5
7.4,0.55,0.19,1.8,82.0,15.0,34.0,99.655,3.49,0.68,10.5,5
7.4,0.74,0.07,1.7,86.0,15.0,48.0,99.502,3.12,0.48,10.0,5
7.4,0.55,0.19,1.8,82.0,15.0,34.0,99.655,3.49,0.68,10.5,5
6.9,0.41,0.33,2.2,81.0,22.0,36.0,9.949,3.41,0.75,11.1,4
7.1,0.6,0.01,2.3,79.0,24.0,37.0,99.514,3.4,0.61,10.9,5
7.1,0.6,0.01,2.3,79.0,24.0,37.0,99.514,3.4,0.61,10.9,5
7.5,0.58,0.14,2.2,77.0,27.0,60.0,9.963,3.28,0.59,9.8,4
7.1,0.72,0.0,1.8,123.0,6.0,14.0,99.627,3.45,0.58,9.8,5
7.9,0.66,0.0,1.4,96.0,6.0,13.0,99.569,3.43,0.58,9.5,5
7.8,0.7,0.06,1.9,79.0,20.0,35.0,99.628,3.4,0.69,10.9,5
6.1,0.64,0.02,2.4,69.0,26.0,46.0,99.358,3.47,0.45,11.0,5
7.5,0.59,0.22,1.8,82.0,43.0,60.0,99.499,3.1,0.42,9.2,5
7.0,0.58,0.28,4.8,85.0,12.0,69.0,99.633,3.32,0.7,11.0,5
6.8,0.64,0.0,2.7,123.0,15.0,33.0,99.538,3.44,0.63,11.3,5
6.8,0.64,0.0,2.7,123.0,15.0,33.0,99.538,3.44,0.63,11.3,5
8.6,635.0,0.68,1.8,403.0,19.0,56.0,99.632,3.02,1.15,9.3,2
6.3,1.02,0.0,2.0,83.0,17.0,24.0,99.437,3.59,0.55,11.2,5
9.8,0.45,0.38,2.5,81.0,34.0,66.0,99.726,3.15,0.58,9.8,5
8.2,0.78,0.0,2.2,89.0,13.0,26.0,9.978,3.37,0.46,9.6,4
8.5,0.37,0.32,1.8,66.0,26.0,51.0,99.456,3.38,0.72,11.8,5
7.2,0.57,0.05,2.3,81.0,16.0,36.0,99.564,3.38,0.6,10.3,5
7.2,0.57,0.05,2.3,81.0,16.0,36.0,99.564,3.38,0.6,10.3,5
10.4,0.43,0.5,2.3,68.0,13.0,19.0,996.0,3.1,0.87,11.4,1
6.9,0.41,0.31,2.0,79.0,21.0,51.0,99.668,3.47,0.55,9.5,5
5.5,0.49,0.03,1.8,44.0,28.0,87.0,9.908,3.5,0.82,14.0,4
5.0,0.38,0.01,1.6,48.0,26.0,60.0,99.084,3.7,0.75,14.0,5
7.3,0.44,0.2,1.6,49.0,24.0,64.0,9.935,3.38,0.57,11.7,4
5.9,0.46,0.0,1.9,77.0,25.0,44.0,99.385,3.5,0.53,11.2,5
7.5,0.58,0.2,2.0,73.0,34.0,44.0,99.494,3.1,0.43,9.3,5
7.8,0.58,0.13,2.1,102.0,17.0,36.0,9.944,3.24,0.53,11.2,4
8.0,715.0,0.22,2.3,75.0,13.0,81.0,99.688,3.24,0.54,9.5,2
8.5,0.4,0.4,6.3,0.05,3.0,10.0,99.566,3.28,0.56,12.0,5
7.0,0.69,0.0,1.9,114.0,3.0,10.0,99.636,3.35,0.6,9.7,5
8.0,715.0,0.22,2.3,75.0,13.0,81.0,99.688,3.24,0.54,9.5,2
9.8,0.3,0.39,1.7,62.0,3.0,9.0,9.948,3.14,0.57,11.5,4
7.1,0.46,0.2,1.9,77.0,28.0,54.0,9.956,3.37,0.64,10.4,4
7.1,0.46,0.2,1.9,77.0,28.0,54.0,9.956,3.37,0.64,10.4,4
7.9,765.0,0.0,2.0,84.0,9.0,22.0,99.619,3.33,0.68,10.9,2
8.7,0.63,0.28,2.7,96.0,17.0,69.0,99.734,3.26,0.63,10.2,5
7.0,0.42,0.19,2.3,71.0,18.0,36.0,99.476,3.39,0.56,10.9,5
11.3,0.37,0.5,1.8,0.09,20.0,47.0,99.734,3.15,0.57,10.5,5
7.1,0.16,0.44,2.5,68.0,17.0,31.0,99.328,3.35,0.54,12.4,5
8.0,0.6,0.08,2.6,56.0,3.0,7.0,99.286,3.22,0.37,13.0,5
7.0,0.6,0.3,4.5,68.0,20.0,110.0,99.914,3.3,1.17,10.2,5
7.0,0.6,0.3,4.5,68.0,20.0,110.0,99.914,3.3,1.17,10.2,5
7.6,0.74,0.0,1.9,0.1,6.0,12.0,99.521,3.36,0.59,11.0,5
8.2,635.0,0.1,2.1,73.0,25.0,60.0,99.638,3.29,0.75,10.9,2
5.9,395.0,0.13,2.4,56.0,14.0,28.0,99.362,3.62,0.67,12.4,0
7.5,755.0,0.0,1.9,84.0,6.0,12.0,99.672,3.34,0.49,9.7,2
8.2,635.0,0.1,2.1,73.0,25.0,60.0,99.638,3.29,0.75,10.9,2
6.6,0.63,0.0,4.3,93.0,51.0,77.5,99.558,3.2,0.45,9.5,5
6.6,0.63,0.0,4.3,93.0,51.0,77.5,99.558,3.2,0.45,9.5,5
7.2,0.53,0.14,2.1,64.0,15.0,29.0,99.323,3.35,0.61,12.1,5
5.7,0.6,0.0,1.4,63.0,11.0,18.0,99.191,3.45,0.56,12.2,5
7.6,1.58,0.0,2.1,137.0,5.0,9.0,99.476,3.5,0.4,10.9,5
5.2,645.0,0.0,2.15,0.08,15.0,28.0,99.444,3.78,0.61,12.5,2
6.7,0.86,0.07,2.0,0.1,20.0,57.0,99.598,3.6,0.74,11.7,5
9.1,0.37,0.32,2.1,64.0,4.0,15.0,99.576,3.3,0.8,11.2,5
8.0,0.28,0.44,1.8,81.0,28.0,68.0,99.501,3.36,0.66,11.2,5
7.6,0.79,0.21,2.3,87.0,21.0,68.0,9.955,3.12,0.44,9.2,4
7.5,0.61,0.26,1.9,73.0,24.0,88.0,99.612,3.3,0.53,9.8,5
9.7,0.69,0.32,2.5,88.0,22.0,91.0,9.979,3.29,0.62,10.1,4
6.8,0.68,0.09,3.9,68.0,15.0,29.0,99.524,3.41,0.52,11.1,5
9.7,0.69,0.32,2.5,88.0,22.0,91.0,9.979,3.29,0.62,10.1,4
7.0,0.62,0.1,1.4,71.0,27.0,63.0,996.0,3.28,0.61,9.2,1
7.5,0.61,0.26,1.9,73.0,24.0,88.0,99.612,3.3,0.53,9.8,5
6.5,0.51,0.15,3.0,64.0,12.0,27.0,9.929,3.33,0.59,12.8,4
8.0,1.18,0.21,1.9,83.0,14.0,41.0,99.532,3.34,0.47,10.5,5
7.0,0.36,0.21,2.3,86.0,20.0,65.0,99.558,3.4,0.54,10.1,5
7.0,0.36,0.21,2.4,86.0,24.0,69.0,99.556,3.4,0.53,10.1,5
7.5,0.63,0.27,2.0,83.0,17.0,91.0,99.616,3.26,0.58,9.8,5
5.4,0.74,0.0,1.2,41.0,16.0,46.0,99.258,4.01,0.59,12.5,5
9.9,0.44,0.46,2.2,91.0,10.0,41.0,99.638,3.18,0.69,11.9,5
7.5,0.63,0.27,2.0,83.0,17.0,91.0,99.616,3.26,0.58,9.8,5
9.1,0.76,0.68,1.7,414.0,18.0,64.0,99.652,2.9,1.33,9.1,3
9.7,0.66,0.34,2.6,94.0,12.0,88.0,99.796,3.26,0.66,10.1,5
5.0,0.74,0.0,1.2,41.0,16.0,46.0,99.258,4.01,0.59,12.5,5
9.1,0.34,0.42,1.8,58.0,9.0,18.0,99.392,3.18,0.55,11.4,5
9.1,0.36,0.39,1.8,0.06,21.0,55.0,99.495,3.18,0.82,11.0,5
6.7,0.46,0.24,1.7,77.0,18.0,34.0,9.948,3.39,0.6,10.6,4
6.7,0.46,0.24,1.7,77.0,18.0,34.0,9.948,3.39,0.6,10.6,4
6.7,0.46,0.24,1.7,77.0,18.0,34.0,9.948,3.39,0.6,10.6,4
6.7,0.46,0.24,1.7,77.0,18.0,34.0,9.948,3.39,0.6,10.6,4
6.5,0.52,0.11,1.8,73.0,13.0,38.0,9.955,3.34,0.52,9.3,4
7.4,0.6,0.26,2.1,83.0,17.0,91.0,99.616,3.29,0.56,9.8,5
7.4,0.6,0.26,2.1,83.0,17.0,91.0,99.616,3.29,0.56,9.8,5
7.8,0.87,0.26,3.8,107.0,31.0,67.0,99.668,3.26,0.46,9.2,5
8.4,0.39,0.1,1.7,75.0,6.0,25.0,99.581,3.09,0.43,9.7,5
9.1,775.0,0.22,2.2,79.0,12.0,48.0,9.976,3.18,0.51,9.6,2
7.2,835.0,0.0,2.0,166.0,4.0,11.0,99.608,3.39,0.52,10.0,2
6.6,0.58,0.02,2.4,69.0,19.0,40.0,99.387,3.38,0.66,12.6,5
6.0,0.5,0.0,1.4,57.0,15.0,26.0,99.448,3.36,0.45,9.5,5
6.0,0.5,0.0,1.4,57.0,15.0,26.0,99.448,3.36,0.45,9.5,5
6.0,0.5,0.0,1.4,57.0,15.0,26.0,99.448,3.36,0.45,9.5,5
7.5,0.51,0.02,1.7,84.0,13.0,31.0,99.538,3.36,0.54,10.5,5
7.5,0.51,0.02,1.7,84.0,13.0,31.0,99.538,3.36,0.54,10.5,5
7.5,0.51,0.02,1.7,84.0,13.0,31.0,99.538,3.36,0.54,10.5,5
7.6,0.54,0.02,1.7,85.0,17.0,31.0,99.589,3.37,0.51,10.4,5
7.5,0.51,0.02,1.7,84.0,13.0,31.0,99.538,3.36,0.54,10.5,5
11.5,0.42,0.48,2.6,77.0,8.0,20.0,99.852,3.09,0.53,11.0,5
8.2,0.44,0.24,2.3,63.0,10.0,28.0,99.613,3.25,0.53,10.2,5
6.1,0.59,0.01,2.1,56.0,5.0,13.0,99.472,3.52,0.56,11.4,5
7.2,655.0,0.03,1.8,78.0,7.0,12.0,99.587,3.34,0.39,9.5,2
7.2,655.0,0.03,1.8,78.0,7.0,12.0,99.587,3.34,0.39,9.5,2
6.9,0.57,0.0,2.8,81.0,21.0,41.0,99.518,3.41,0.52,10.8,5
9.0,0.6,0.29,2.0,69.0,32.0,73.0,99.654,3.34,0.57,10.0,5
7.2,0.62,0.01,2.3,65.0,8.0,46.0,99.332,3.32,0.51,11.8,5
7.6,645.0,0.03,1.9,86.0,14.0,57.0,9.969,3.37,0.46,10.3,2
7.6,645.0,0.03,1.9,86.0,14.0,57.0,9.969,3.37,0.46,10.3,2
7.2,0.58,0.03,2.3,77.0,7.0,28.0,99.568,3.35,0.52,10.0,5
6.1,0.32,0.25,1.8,86.0,5.0,32.0,99.464,3.36,0.44,10.1,5
6.1,0.34,0.25,1.8,84.0,4.0,28.0,99.464,3.36,0.44,10.1,5
7.3,0.43,0.24,2.5,78.0,27.0,67.0,99.648,3.6,0.59,11.1,5
7.4,0.64,0.17,5.4,168.0,52.0,98.0,99.736,3.28,0.5,9.5,5
11.6,475.0,0.4,1.4,91.0,6.0,28.0,99.704,3.07,0.65,100.333,0
9.2,0.54,0.31,2.3,112.0,11.0,38.0,99.699,3.24,0.56,10.9,5
8.3,0.85,0.14,2.5,93.0,13.0,54.0,99.724,3.36,0.54,10.1,5
11.6,475.0,0.4,1.4,91.0,6.0,28.0,99.704,3.07,0.65,100.333,0
8.0,0.83,0.27,2.0,0.08,11.0,63.0,99.652,3.29,0.48,9.8,5
7.2,605.0,0.02,1.9,96.0,10.0,31.0,995.0,3.46,0.53,11.8,1
7.8,0.5,0.09,2.2,115.0,10.0,42.0,9.971,3.18,0.62,9.5,4
7.3,0.74,0.08,1.7,94.0,10.0,45.0,99.576,3.24,0.5,9.8,5
6.9,0.54,0.3,2.2,88.0,9.0,105.0,99.725,3.25,1.18,10.5,5
8.0,0.77,0.32,2.1,79.0,16.0,74.0,99.656,3.27,0.5,9.8,5
6.6,0.61,0.0,1.6,69.0,4.0,8.0,99.396,3.33,0.37,10.4,5
8.7,0.78,0.51,1.7,415.0,12.0,66.0,99.623,3.0,1.17,9.2,3
7.5,0.58,0.56,3.1,153.0,5.0,14.0,99.476,3.21,1.03,11.6,5
8.7,0.78,0.51,1.7,415.0,12.0,66.0,99.623,3.0,1.17,9.2,3
7.7,0.75,0.27,3.8,0.11,34.0,89.0,99.664,3.24,0.45,9.3,5
6.8,815.0,0.0,1.2,267.0,16.0,29.0,99.471,3.32,0.51,9.8,2
7.2,0.56,0.26,2.0,83.0,13.0,100.0,99.586,3.26,0.52,9.9,5
8.2,885.0,0.2,1.4,86.0,7.0,31.0,9.946,3.11,0.46,10.0,2
5.2,0.49,0.26,2.3,0.09,23.0,74.0,9.953,3.71,0.62,12.2,4
7.2,0.45,0.15,2.0,78.0,10.0,28.0,99.609,3.29,0.51,9.9,5
7.5,0.57,0.02,2.6,77.0,11.0,35.0,99.557,3.36,0.62,10.8,5
7.5,0.57,0.02,2.6,77.0,11.0,35.0,99.557,3.36,0.62,10.8,5
6.8,0.83,0.09,1.8,74.0,4.0,25.0,99.534,3.38,0.45,9.6,5
8.0,0.6,0.22,2.1,0.08,25.0,105.0,99.613,3.3,0.49,9.9,5
8.0,0.6,0.22,2.1,0.08,25.0,105.0,99.613,3.3,0.49,9.9,5
7.1,755.0,0.15,1.8,107.0,20.0,84.0,99.593,3.19,0.5,9.5,2
8.0,0.81,0.25,3.4,76.0,34.0,85.0,99.668,3.19,0.42,9.2,5
7.4,0.64,0.07,1.8,0.1,8.0,23.0,9.961,3.3,0.58,9.6,4
7.4,0.64,0.07,1.8,0.1,8.0,23.0,9.961,3.3,0.58,9.6,4
6.6,0.64,0.31,6.1,83.0,7.0,49.0,99.718,3.35,0.68,10.3,5
6.7,0.48,0.02,2.2,0.08,36.0,111.0,99.524,3.1,0.53,9.7,5
6.0,0.49,0.0,2.3,68.0,15.0,33.0,99.292,3.58,0.59,12.5,5
8.0,0.64,0.22,2.4,94.0,5.0,33.0,99.612,3.37,0.58,11.0,5
7.1,0.62,0.06,1.3,0.07,5.0,12.0,9.942,3.17,0.48,9.8,4
8.0,0.52,0.25,2.0,78.0,19.0,59.0,99.612,3.3,0.48,10.2,5
6.4,0.57,0.14,3.9,0.07,27.0,73.0,99.669,3.32,0.48,9.2,5
8.6,685.0,0.1,1.6,92.0,3.0,12.0,99.745,3.31,0.65,9.55,2
8.7,675.0,0.1,1.6,0.09,4.0,11.0,99.745,3.31,0.65,9.55,2
7.3,0.59,0.26,2.0,0.08,17.0,104.0,99.584,3.28,0.52,9.9,5
7.0,0.6,0.12,2.2,83.0,13.0,28.0,9.966,3.52,0.62,10.2,4
7.2,0.67,0.0,2.2,68.0,10.0,24.0,9.956,3.42,0.72,11.1,4
7.9,0.69,0.21,2.1,0.08,33.0,141.0,9.962,3.25,0.51,9.9,4
7.9,0.69,0.21,2.1,0.08,33.0,141.0,9.962,3.25,0.51,9.9,4
7.6,0.3,0.42,2.0,52.0,6.0,24.0,9.963,3.44,0.82,11.9,4
7.2,0.33,0.33,1.7,61.0,3.0,13.0,996.0,3.23,1.1,10.0,1
8.0,0.5,0.39,2.6,82.0,12.0,46.0,9.985,3.43,0.62,10.7,4
7.7,0.28,0.3,2.0,62.0,18.0,34.0,9.952,3.28,0.9,11.3,4
8.2,0.24,0.34,5.1,62.0,8.0,22.0,9.974,3.22,0.94,10.9,4
6.0,0.51,0.0,2.1,64.0,40.0,54.0,995.0,3.54,0.93,10.7,1
8.1,0.29,0.36,2.2,48.0,35.0,53.0,995.0,3.27,1.01,12.4,1
6.0,0.51,0.0,2.1,64.0,40.0,54.0,995.0,3.54,0.93,10.7,1
6.6,0.96,0.0,1.8,82.0,5.0,16.0,9.936,3.5,0.44,11.9,4
6.4,0.47,0.4,2.4,71.0,8.0,19.0,9.963,3.56,0.73,10.6,4
8.2,0.24,0.34,5.1,62.0,8.0,22.0,9.974,3.22,0.94,10.9,4
9.9,0.57,0.25,2.0,104.0,12.0,89.0,9.963,3.04,0.9,10.1,4
10.0,0.32,0.59,2.2,77.0,3.0,15.0,9.994,3.2,0.78,9.6,4
6.2,0.58,0.0,1.6,65.0,8.0,18.0,9.966,3.56,0.84,9.4,4
10.0,0.32,0.59,2.2,77.0,3.0,15.0,9.994,3.2,0.78,9.6,4
7.3,0.34,0.33,2.5,64.0,21.0,37.0,9.952,3.35,0.77,12.1,4
7.8,0.53,0.01,1.6,77.0,3.0,19.0,995.0,3.16,0.46,9.8,1
7.7,0.64,0.21,2.2,77.0,32.0,133.0,9.956,3.27,0.45,9.9,4
7.8,0.53,0.01,1.6,77.0,3.0,19.0,995.0,3.16,0.46,9.8,1
7.5,0.4,0.18,1.6,79.0,24.0,58.0,9.965,3.34,0.58,9.4,4
7.0,0.54,0.0,2.1,79.0,39.0,55.0,9.956,3.39,0.84,11.4,4
6.4,0.53,0.09,3.9,123.0,14.0,31.0,9.968,3.5,0.67,11.0,4
8.3,0.26,0.37,1.4,76.0,8.0,23.0,9.974,3.26,0.7,9.6,4
8.3,0.26,0.37,1.4,76.0,8.0,23.0,9.974,3.26,0.7,9.6,4
7.7,0.23,0.37,1.8,46.0,23.0,60.0,9.971,3.41,0.71,12.1,4
7.6,0.41,0.33,2.5,78.0,6.0,23.0,9.957,3.3,0.58,11.2,4
7.8,0.64,0.0,1.9,72.0,27.0,55.0,9.962,3.31,0.63,11.0,4
7.9,0.18,0.4,2.2,49.0,38.0,67.0,996.0,3.33,0.93,11.3,1
7.4,0.41,0.24,1.8,66.0,18.0,47.0,9.956,3.37,0.62,10.4,4
7.6,0.43,0.31,2.1,69.0,13.0,74.0,9.958,3.26,0.54,9.9,4
5.9,0.44,0.0,1.6,42.0,3.0,11.0,9.944,3.48,0.85,11.7,4
6.1,0.4,0.16,1.8,69.0,11.0,25.0,9.955,3.42,0.74,10.1,4
10.2,0.54,0.37,15.4,214.0,55.0,95.0,100.369,3.18,0.77,9.0,3
10.2,0.54,0.37,15.4,214.0,55.0,95.0,100.369,3.18,0.77,9.0,3
10.0,0.38,0.38,1.6,169.0,27.0,90.0,99.914,3.15,0.65,8.5,5
6.8,915.0,0.29,4.8,0.07,15.0,39.0,99.577,3.53,0.54,11.1,2
7.0,0.59,0.0,1.7,52.0,3.0,8.0,996.0,3.41,0.47,10.3,1
7.3,0.67,0.02,2.2,72.0,31.0,92.0,99.566,3.32,0.68,110.666,5
7.2,0.37,0.32,2.0,62.0,15.0,28.0,9.947,3.23,0.73,11.3,4
7.4,785.0,0.19,5.2,94.0,19.0,98.0,99.713,3.16,0.52,956.666,2
6.9,0.63,0.02,1.9,78.0,18.0,30.0,99.712,3.4,0.75,9.8,5
6.9,0.58,0.2,1.75,58.0,8.0,22.0,99.322,3.38,0.49,11.7,5
7.3,0.67,0.02,2.2,72.0,31.0,92.0,99.566,3.32,0.68,11.1,5
7.4,785.0,0.19,5.2,94.0,19.0,98.0,99.713,3.16,0.52,9.6,2
6.9,0.63,0.02,1.9,78.0,18.0,30.0,99.712,3.4,0.75,9.8,5
6.8,0.67,0.0,1.9,0.08,22.0,39.0,99.701,3.4,0.74,9.7,5
6.9,0.58,0.01,1.9,0.08,40.0,54.0,99.683,3.4,0.73,9.7,5
7.2,0.38,0.31,2.0,56.0,15.0,29.0,99.472,3.23,0.76,11.3,5
7.2,0.37,0.32,2.0,62.0,15.0,28.0,9.947,3.23,0.73,11.3,4
7.8,0.32,0.44,2.7,104.0,8.0,17.0,99.732,3.33,0.78,11.0,5
6.6,0.58,0.02,2.0,62.0,37.0,53.0,99.374,3.35,0.76,11.6,5
7.6,0.49,0.33,1.9,74.0,27.0,85.0,99.706,3.41,0.58,9.0,5
11.7,0.45,0.63,2.2,73.0,7.0,23.0,99.974,3.21,0.69,10.9,5
6.5,0.9,0.0,1.6,52.0,9.0,17.0,99.467,3.5,0.63,10.9,5
6.0,0.54,0.06,1.8,0.05,38.0,89.0,99.236,3.3,0.5,10.55,5
7.6,0.49,0.33,1.9,74.0,27.0,85.0,99.706,3.41,0.58,9.0,5
8.4,0.29,0.4,1.7,67.0,8.0,20.0,99.603,3.39,0.6,10.5,5
7.9,0.2,0.35,1.7,54.0,7.0,15.0,99.458,3.32,0.8,11.9,5
6.4,0.42,0.09,2.3,54.0,34.0,64.0,99.724,3.41,0.68,10.4,5
6.2,785.0,0.0,2.1,0.06,6.0,13.0,99.664,3.59,0.61,10.0,2
6.8,0.64,0.03,2.3,75.0,14.0,31.0,99.545,3.36,0.58,10.4,5
6.9,0.63,0.01,2.4,76.0,14.0,39.0,99.522,3.34,0.53,10.8,5
6.8,0.59,0.1,1.7,63.0,34.0,53.0,9.958,3.41,0.67,9.7,4
6.8,0.59,0.1,1.7,63.0,34.0,53.0,9.958,3.41,0.67,9.7,4
7.3,0.48,0.32,2.1,62.0,31.0,54.0,99.728,3.3,0.65,10.0,5
6.7,1.04,0.08,2.3,67.0,19.0,32.0,99.648,3.52,0.57,11.0,5
7.3,0.48,0.32,2.1,62.0,31.0,54.0,99.728,3.3,0.65,10.0,5
7.3,0.98,0.05,2.1,61.0,20.0,49.0,99.705,3.31,0.55,9.7,5
10.0,0.69,0.11,1.4,84.0,8.0,24.0,99.578,2.88,0.47,9.7,5
6.7,0.7,0.08,3.75,67.0,8.0,16.0,99.334,3.43,0.52,12.6,5
7.6,0.35,0.6,2.6,73.0,23.0,44.0,99.656,3.38,0.79,11.1,5
6.1,0.6,0.08,1.8,71.0,14.0,45.0,99.336,3.38,0.54,11.0,5
9.9,0.5,0.5,13.8,205.0,48.0,82.0,100.242,3.16,0.75,8.8,5
5.3,0.47,0.11,2.2,48.0,16.0,89.0,99.182,3.54,0.88,135.666,5
9.9,0.5,0.5,13.8,205.0,48.0,82.0,100.242,3.16,0.75,8.8,5
5.3,0.47,0.11,2.2,48.0,16.0,89.0,99.182,3.54,0.88,13.6,5
7.1,875.0,0.05,5.7,82.0,3.0,14.0,99.808,3.4,0.52,10.2,2
8.2,0.28,0.6,3.0,104.0,10.0,22.0,99.828,3.39,0.68,10.6,5
5.6,0.62,0.03,1.5,0.08,6.0,13.0,99.498,3.66,0.62,10.1,5
8.2,0.28,0.6,3.0,104.0,10.0,22.0,99.828,3.39,0.68,10.6,5
7.2,0.58,0.54,2.1,114.0,3.0,9.0,99.719,3.33,0.57,10.3,5
8.1,0.33,0.44,1.5,42.0,6.0,12.0,99.542,3.35,0.61,10.7,5
6.8,0.91,0.06,2.0,0.06,4.0,11.0,99.592,3.53,0.64,10.9,5
7.0,655.0,0.16,2.1,74.0,8.0,25.0,99.606,3.37,0.55,9.7,2
6.8,0.68,0.21,2.1,0.07,9.0,23.0,99.546,3.38,0.6,10.3,5
6.0,0.64,0.05,1.9,66.0,9.0,17.0,99.496,3.52,0.78,10.6,5
5.6,0.54,0.04,1.7,49.0,5.0,13.0,9.942,3.72,0.58,11.4,4
6.2,0.57,0.1,2.1,48.0,4.0,11.0,99.448,3.44,0.76,10.8,5
7.1,0.22,0.49,1.8,39.0,8.0,18.0,99.344,3.39,0.56,12.4,5
5.6,0.54,0.04,1.7,49.0,5.0,13.0,9.942,3.72,0.58,11.4,4
6.2,0.65,0.06,1.6,0.05,6.0,18.0,99.348,3.57,0.54,11.95,5
7.7,0.54,0.26,1.9,89.0,23.0,147.0,99.636,3.26,0.59,9.7,5
6.4,0.31,0.09,1.4,66.0,15.0,28.0,99.459,3.42,0.7,10.0,5
7.0,0.43,0.02,1.9,0.08,15.0,28.0,99.492,3.35,0.81,10.6,5
7.7,0.54,0.26,1.9,89.0,23.0,147.0,99.636,3.26,0.59,9.7,5
6.9,0.74,0.03,2.3,54.0,7.0,16.0,99.508,3.45,0.63,11.5,5
6.6,895.0,0.04,2.3,68.0,7.0,13.0,99.582,3.53,0.58,10.8,2
6.9,0.74,0.03,2.3,54.0,7.0,16.0,99.508,3.45,0.63,11.5,5
7.5,725.0,0.04,1.5,76.0,8.0,15.0,99.508,3.26,0.53,9.6,2
7.8,0.82,0.29,4.3,83.0,21.0,64.0,99.642,3.16,0.53,9.4,5
7.3,585.0,0.18,2.4,78.0,15.0,60.0,99.638,3.31,0.54,9.8,0
6.2,0.44,0.39,2.5,77.0,6.0,14.0,99.555,3.51,0.69,11.0,5
7.5,0.38,0.57,2.3,106.0,5.0,12.0,99.605,3.36,0.55,11.4,5
6.7,0.76,0.02,1.8,78.0,6.0,12.0,996.0,3.55,0.63,9.95,1
6.8,0.81,0.05,2.0,0.07,6.0,14.0,99.562,3.51,0.66,10.8,5
7.5,0.38,0.57,2.3,106.0,5.0,12.0,99.605,3.36,0.55,11.4,5
7.1,0.27,0.6,2.1,74.0,17.0,25.0,99.814,3.38,0.72,10.6,5
7.9,0.18,0.4,1.8,62.0,7.0,20.0,9.941,3.28,0.7,11.1,4
6.4,0.36,0.21,2.2,47.0,26.0,48.0,99.661,3.47,0.77,9.7,5
7.1,0.69,0.04,2.1,68.0,19.0,27.0,99.712,3.44,0.67,9.8,5
6.4,0.79,0.04,2.2,61.0,11.0,17.0,99.588,3.53,0.65,10.4,5
6.4,0.56,0.15,1.8,78.0,17.0,65.0,99.294,3.33,0.6,10.5,5
6.9,0.84,0.21,4.1,74.0,16.0,65.0,99.842,3.53,0.72,923.333,5
6.9,0.84,0.21,4.1,74.0,16.0,65.0,99.842,3.53,0.72,9.25,5
6.1,0.32,0.25,2.3,71.0,23.0,58.0,99.633,3.42,0.97,10.6,5
6.5,0.53,0.06,2.0,63.0,29.0,44.0,99.489,3.38,0.83,10.3,5
7.4,0.47,0.46,2.2,114.0,7.0,20.0,99.647,3.32,0.63,10.5,5
6.6,0.7,0.08,2.6,106.0,14.0,27.0,99.665,3.44,0.58,10.2,5
6.5,0.53,0.06,2.0,63.0,29.0,44.0,99.489,3.38,0.83,10.3,5
6.9,0.48,0.2,1.9,82.0,9.0,23.0,99.585,3.39,0.43,9.05,5
6.1,0.32,0.25,2.3,71.0,23.0,58.0,99.633,3.42,0.97,10.6,5
6.8,0.48,0.25,2.0,76.0,29.0,61.0,9.953,3.34,0.6,10.4,4
6.0,0.42,0.19,2.0,75.0,22.0,47.0,99.522,3.39,0.78,10.0,5
6.7,0.48,0.08,2.1,64.0,18.0,34.0,99.552,3.33,0.64,9.7,5
6.8,0.47,0.08,2.2,64.0,18.0,38.0,99.553,3.3,0.65,9.6,5
7.1,0.53,0.07,1.7,71.0,15.0,24.0,9.951,3.29,0.66,10.8,4
7.9,0.29,0.49,2.2,96.0,21.0,59.0,99.714,3.31,0.67,10.1,5
7.1,0.69,0.08,2.1,63.0,42.0,52.0,99.608,3.42,0.6,10.2,5
6.6,0.44,0.09,2.2,63.0,9.0,18.0,99.444,3.42,0.69,11.3,5
6.1,705.0,0.1,2.8,81.0,13.0,28.0,99.631,3.6,0.66,10.2,2
7.2,0.53,0.13,2.0,58.0,18.0,22.0,99.573,3.21,0.68,9.9,5
8.0,0.39,0.3,1.9,74.0,32.0,84.0,99.717,3.39,0.61,9.0,5
6.6,0.56,0.14,2.4,64.0,13.0,29.0,99.397,3.42,0.62,11.7,5
7.0,0.55,0.13,2.2,75.0,15.0,35.0,9.959,3.36,0.59,9.7,4
6.1,0.53,0.08,1.9,77.0,24.0,45.0,99.528,3.6,0.68,10.3,5
5.4,0.58,0.08,1.9,59.0,20.0,31.0,99.484,3.5,0.64,10.2,5
6.2,0.64,0.09,2.5,81.0,15.0,26.0,99.538,3.57,0.63,12.0,5
7.2,0.39,0.32,1.8,65.0,34.0,60.0,99.714,3.46,0.78,9.9,5
6.2,0.52,0.08,4.4,71.0,11.0,32.0,99.646,3.56,0.63,11.6,5
7.4,0.25,0.29,2.2,54.0,19.0,49.0,99.666,3.4,0.76,10.9,5
6.7,855.0,0.02,1.9,64.0,29.0,38.0,99.472,3.3,0.56,10.75,2
11.1,0.44,0.42,2.2,64.0,14.0,19.0,99.758,3.25,0.57,10.4,5
8.4,0.37,0.43,2.3,63.0,12.0,19.0,9.955,3.17,0.81,11.2,4
6.5,0.63,0.33,1.8,59.0,16.0,28.0,99.531,3.36,0.64,10.1,5
7.0,0.57,0.02,2.0,72.0,17.0,26.0,99.575,3.36,0.61,10.2,5
6.3,0.6,0.1,1.6,48.0,12.0,26.0,99.306,3.55,0.51,12.1,5
11.2,0.4,0.5,2.0,99.0,19.0,50.0,99.783,3.1,0.58,10.4,5
7.4,0.36,0.3,1.8,74.0,17.0,24.0,99.419,3.24,0.7,11.4,5
7.1,0.68,0.0,2.3,87.0,17.0,26.0,99.783,3.45,0.53,9.5,5
7.1,0.67,0.0,2.3,83.0,18.0,27.0,99.768,3.44,0.54,9.4,5
6.3,0.68,0.01,3.7,103.0,32.0,54.0,99.586,3.51,0.66,11.3,5
7.3,735.0,0.0,2.2,0.08,18.0,28.0,99.765,3.41,0.6,9.4,2
6.6,855.0,0.02,2.4,62.0,15.0,23.0,99.627,3.54,0.6,11.0,2
7.0,0.56,0.17,1.7,65.0,15.0,24.0,99.514,3.44,0.68,10.55,5
6.6,0.88,0.04,2.2,66.0,12.0,20.0,99.636,3.53,0.56,9.9,5
6.6,855.0,0.02,2.4,62.0,15.0,23.0,99.627,3.54,0.6,11.0,2
6.9,0.63,0.33,6.7,235.0,66.0,115.0,99.787,3.22,0.56,9.5,3
7.8,0.6,0.26,2.0,0.08,31.0,131.0,99.622,3.21,0.52,9.9,5
7.8,0.6,0.26,2.0,0.08,31.0,131.0,99.622,3.21,0.52,9.9,5
7.8,0.6,0.26,2.0,0.08,31.0,131.0,99.622,3.21,0.52,9.9,5
7.2,695.0,0.13,2.0,76.0,12.0,20.0,99.546,3.29,0.54,10.1,2
7.2,695.0,0.13,2.0,76.0,12.0,20.0,99.546,3.29,0.54,10.1,2
7.2,695.0,0.13,2.0,76.0,12.0,20.0,99.546,3.29,0.54,10.1,2
6.7,0.67,0.02,1.9,61.0,26.0,42.0,99.489,3.39,0.82,10.9,5
6.7,0.16,0.64,2.1,59.0,24.0,52.0,99.494,3.34,0.71,11.2,5
7.2,695.0,0.13,2.0,76.0,12.0,20.0,99.546,3.29,0.54,10.1,2
7.0,0.56,0.13,1.6,77.0,25.0,42.0,99.629,3.34,0.59,9.2,5
6.2,0.51,0.14,1.9,56.0,15.0,34.0,99.396,3.48,0.57,11.5,5
6.4,0.36,0.53,2.2,0.23,19.0,35.0,9.934,3.37,0.93,12.4,4
6.4,0.38,0.14,2.2,38.0,15.0,25.0,99.514,3.44,0.65,11.1,5
7.3,0.69,0.32,2.2,69.0,35.0,104.0,99.632,3.33,0.51,9.5,5
6.0,0.58,0.2,2.4,75.0,15.0,50.0,99.467,3.58,0.67,12.5,5
5.6,0.31,0.78,13.9,74.0,23.0,92.0,99.677,3.39,0.48,10.5,5
7.5,0.52,0.4,2.2,0.06,12.0,20.0,99.474,3.26,0.64,11.8,5
8.0,0.3,0.63,1.6,81.0,16.0,29.0,99.588,3.3,0.78,10.8,5
6.2,0.7,0.15,5.1,76.0,13.0,27.0,99.622,3.54,0.6,11.9,5
6.8,0.67,0.15,1.8,118.0,13.0,20.0,9.954,3.42,0.67,11.3,4
6.2,0.56,0.09,1.7,53.0,24.0,32.0,99.402,3.54,0.6,11.3,5
7.4,0.35,0.33,2.4,68.0,9.0,26.0,9.947,3.36,0.6,11.9,4
6.2,0.56,0.09,1.7,53.0,24.0,32.0,99.402,3.54,0.6,11.3,5
6.1,715.0,0.1,2.6,53.0,13.0,27.0,99.362,3.57,0.5,11.9,2
6.2,0.46,0.29,2.1,74.0,32.0,98.0,99.578,3.33,0.62,9.8,5
6.7,0.32,0.44,2.4,61.0,24.0,34.0,99.484,3.29,0.8,11.6,5
7.2,0.39,0.44,2.6,66.0,22.0,48.0,99.494,3.3,0.84,11.5,5
7.5,0.31,0.41,2.4,65.0,34.0,60.0,99.492,3.34,0.85,11.4,5
5.8,0.61,0.11,1.8,66.0,18.0,28.0,99.483,3.55,0.66,10.9,5
7.2,0.66,0.33,2.5,68.0,34.0,102.0,99.414,3.27,0.78,12.8,5
6.6,725.0,0.2,7.8,73.0,29.0,79.0,9.977,3.29,0.54,9.2,2
6.3,0.55,0.15,1.8,77.0,26.0,35.0,99.314,3.32,0.82,11.6,5
5.4,0.74,0.09,1.7,89.0,16.0,26.0,99.402,3.67,0.56,11.6,5
6.3,0.51,0.13,2.3,76.0,29.0,40.0,99.574,3.42,0.75,11.0,5
6.8,0.62,0.08,1.9,68.0,28.0,38.0,99.651,3.42,0.82,9.5,5
6.2,0.6,0.08,2.0,0.09,32.0,44.0,9.949,3.45,0.58,10.5,4
5.9,0.55,0.1,2.2,62.0,39.0,51.0,99.512,3.52,0.76,11.2,5
6.3,0.51,0.13,2.3,76.0,29.0,40.0,99.574,3.42,0.75,11.0,5
5.9,645.0,0.12,2.0,75.0,32.0,44.0,99.547,3.57,0.71,10.2,2
6.0,0.31,0.47,3.6,67.0,18.0,42.0,99.549,3.39,0.66,11.0,5
